"AD","Andorra la Vella","AD-07"
"AD","Canillo","AD-02"
"AD","Encamp","AD-03"
"AD","Escaldes-Engordany","AD-08"
"AD","La Massana","AD-04"
"AD","Ordino","AD-05"
"AD","Sant Julia de Loria","AD-06"
"AE","'Ajman","AE-AJ"
"AE","Abu Zaby","AE-AZ"
"AE","Al Fujayrah","AE-FU"
"AE","Ash Shariqah","AE-SH"
"AE","Dubayy","AE-DU"
"AE","Ra's al Khaymah","AE-RK"
"AE","Umm al Qaywayn","AE-UQ"
"AF","Badakhshan","AF-BDS"
"AF","Badghis","AF-BDG"
"AF","Baghlan","AF-BGL"
"AF","Balkh","AF-BAL"
"AF","Bamyan","AF-BAM"
"AF","Daykundi","AF-DAY"
"AF","Farah","AF-FRA"
"AF","Faryab","AF-FYB"
"AF","Ghazni","AF-GHA"
"AF","Ghor","AF-GHO"
"AF","Helmand","AF-HEL"
"AF","Herat","AF-HER"
"AF","Jowzjan","AF-JOW"
"AF","Kabul","AF-KAB"
"AF","Kandahar","AF-KAN"
"AF","Kapisa","AF-KAP"
"AF","Khost","AF-KHO"
"AF","Kunar","AF-KNR"
"AF","Kunduz","AF-KDZ"
"AF","Laghman","AF-LAG"
"AF","Logar","AF-LOG"
"AF","Nangarhar","AF-NAN"
"AF","Nimroz","AF-NIM"
"AF","Nuristan","AF-NUR"
"AF","Paktika","AF-PKA"
"AF","Paktiya","AF-PIA"
"AF","Panjshayr","AF-PAN"
"AF","Parwan","AF-PAR"
"AF","Samangan","AF-SAM"
"AF","Sar-e pul","AF-SAR"
"AF","Takhar","AF-TAK"
"AF","Uruzgan","AF-URU"
"AF","Wardak","AF-WAR"
"AF","Zabul","AF-ZAB"
"AG","Saint John","AG-04"
"AG","Saint Mary","AG-05"
"AG","Saint Paul","AG-06"
"AI","Anguilla","AI"
"AL","Berat","AL-01"
"AL","Diber","AL-09"
"AL","Durres","AL-02"
"AL","Elbasan","AL-03"
"AL","Fier","AL-04"
"AL","Gjirokaster","AL-05"
"AL","Korce","AL-06"
"AL","Kukes","AL-07"
"AL","Lezhe","AL-08"
"AL","Shkoder","AL-10"
"AL","Tirane","AL-11"
"AL","Vlore","AL-12"
"AM","Aragacotn","AM-AG"
"AM","Ararat","AM-AR"
"AM","Armavir","AM-AV"
"AM","Erevan","AM-ER"
"AM","Gegark'unik'","AM-GR"
"AM","Kotayk'","AM-KT"
"AM","Lori","AM-LO"
"AM","Sirak","AM-SH"
"AM","Syunik'","AM-SU"
"AM","Tavus","AM-TV"
"AM","Vayoc Jor","AM-VD"
"AO","Bengo","AO-BGO"
"AO","Benguela","AO-BGU"
"AO","Bie","AO-BIE"
"AO","Cabinda","AO-CAB"
"AO","Cunene","AO-CNN"
"AO","Huambo","AO-HUA"
"AO","Huila","AO-HUI"
"AO","Kuando Kubango","AO-CCU"
"AO","Kwanza Norte","AO-CNO"
"AO","Kwanza Sul","AO-CUS"
"AO","Luanda","AO-LUA"
"AO","Lunda Norte","AO-LNO"
"AO","Lunda Sul","AO-LSU"
"AO","Malange","AO-MAL"
"AO","Moxico","AO-MOX"
"AO","Namibe","AO-NAM"
"AO","Uige","AO-UIG"
"AO","Zaire","AO-ZAI"
"AQ","Antarctica","AQ"
"AR","Buenos Aires","AR-B"
"AR","Catamarca","AR-K"
"AR","Chaco","AR-H"
"AR","Chubut","AR-U"
"AR","Ciudad Autonoma de Buenos Aires","AR-C"
"AR","Cordoba","AR-X"
"AR","Corrientes","AR-W"
"AR","Entre Rios","AR-E"
"AR","Formosa","AR-P"
"AR","Jujuy","AR-Y"
"AR","La Pampa","AR-L"
"AR","La Rioja","AR-F"
"AR","Mendoza","AR-M"
"AR","Misiones","AR-N"
"AR","Neuquen","AR-Q"
"AR","Rio Negro","AR-R"
"AR","Salta","AR-A"
"AR","San Juan","AR-J"
"AR","San Luis","AR-D"
"AR","Santa Cruz","AR-Z"
"AR","Santa Fe","AR-S"
"AR","Santiago del Estero","AR-G"
"AR","Tierra del Fuego","AR-V"
"AR","Tucuman","AR-T"
"AS","Eastern District","-"
"AS","Western District","-"
"AT","Burgenland","AT-1"
"AT","Karnten","AT-2"
"AT","Niederosterreich","AT-3"
"AT","Oberosterreich","AT-4"
"AT","Salzburg","AT-5"
"AT","Steiermark","AT-6"
"AT","Tirol","AT-7"
"AT","Vorarlberg","AT-8"
"AT","Wien","AT-9"
"AU","Australian Capital Territory","AU-ACT"
"AU","New South Wales","AU-NSW"
"AU","Northern Territory","AU-NT"
"AU","Queensland","AU-QLD"
"AU","South Australia","AU-SA"
"AU","Tasmania","AU-TAS"
"AU","Victoria","AU-VIC"
"AU","Western Australia","AU-WA"
"AW","Aruba (general)","-"
"AX","Eckeroe","-"
"AX","Finstroem","-"
"AX","Hammarland","-"
"AX","Jomala","-"
"AX","Lemland","-"
"AX","Mariehamn","-"
"AX","Saltvik","-"
"AX","Sund","-"
"AZ","Abseron","AZ-ABS"
"AZ","Agcabadi","AZ-AGC"
"AZ","Agdam","AZ-AGM"
"AZ","Agdas","AZ-AGS"
"AZ","Agstafa","AZ-AGA"
"AZ","Agsu","AZ-AGU"
"AZ","Astara","AZ-AST"
"AZ","Baki","AZ-BA"
"AZ","Balakan","AZ-BAL"
"AZ","Barda","AZ-BAR"
"AZ","Beylaqan","AZ-BEY"
"AZ","Bilasuvar","AZ-BIL"
"AZ","Cabrayil","AZ-CAB"
"AZ","Calilabad","AZ-CAL"
"AZ","Daskasan","AZ-DAS"
"AZ","Fuzuli","AZ-FUZ"
"AZ","Gadabay","AZ-GAD"
"AZ","Ganca","AZ-GA"
"AZ","Goranboy","AZ-GOR"
"AZ","Goycay","AZ-GOY"
"AZ","Goygol","AZ-GYG"
"AZ","Haciqabul","AZ-HAC"
"AZ","Imisli","AZ-IMI"
"AZ","Ismayilli","AZ-ISM"
"AZ","Kalbacar","AZ-KAL"
"AZ","Lacin","AZ-LAC"
"AZ","Lankaran","AZ-LAN"
"AZ","Lerik","AZ-LER"
"AZ","Masalli","AZ-MAS"
"AZ","Mingacevir","AZ-MI"
"AZ","Naftalan","AZ-NA"
"AZ","Naxcivan","AZ-NV"
"AZ","Neftcala","AZ-NEF"
"AZ","Oguz","AZ-OGU"
"AZ","Qabala","AZ-QAB"
"AZ","Qax","AZ-QAX"
"AZ","Qazax","AZ-QAZ"
"AZ","Qobustan","AZ-QOB"
"AZ","Quba","AZ-QBA"
"AZ","Qubadli","AZ-QBI"
"AZ","Qusar","AZ-QUS"
"AZ","Saatli","AZ-SAT"
"AZ","Sabirabad","AZ-SAB"
"AZ","Saki","AZ-SAK"
"AZ","Salyan","AZ-SAL"
"AZ","Samaxi","AZ-SMI"
"AZ","Samkir","AZ-SKR"
"AZ","Samux","AZ-SMX"
"AZ","Sirvan","AZ-SR"
"AZ","Sumqayit","AZ-SM"
"AZ","Susa","AZ-SUS"
"AZ","Tartar","AZ-TAR"
"AZ","Tovuz","AZ-TOV"
"AZ","Ucar","AZ-UCA"
"AZ","Xacmaz","AZ-XAC"
"AZ","Xankandi","AZ-XA"
"AZ","Xizi","AZ-XTZ"
"AZ","Xocali","AZ-XCI"
"AZ","Xocavand","AZ-XVD"
"AZ","Yardimli","AZ-YAR"
"AZ","Yevlax","AZ-YEV"
"AZ","Zangilan","AZ-ZAN"
"AZ","Zaqatala","AZ-ZAQ"
"AZ","Zardab","AZ-ZAR"
"BA","Federacija Bosna i Hercegovina","BA-BIH"
"BA","Republika Srpska","BA-SRP"
"BB","Christ Church","BB-01"
"BB","Saint James","BB-04"
"BB","Saint Joseph","BB-06"
"BB","Saint Michael","BB-08"
"BB","Saint Peter","BB-09"
"BD","Barisal","BD-A"
"BD","Chittagong","BD-B"
"BD","Dhaka","BD-C"
"BD","Khulna","BD-D"
"BD","Rajshahi","BD-E"
"BD","Rangpur","BD-F"
"BD","Sylhet","BD-G"
"BE","Brabant Wallon","BE-WBR"
"BE","Brussels Hoofdstedelijk Gewest","BE-BRU"
"BE","Vlaams-Brabant","BE-VBR"
"BF","Bale","BF-BAL"
"BF","Bam","BF-BAM"
"BF","Banwa","BF-ABN"
"BF","Bazega","BF-BAZ"
"BF","Bougouriba","BF-BGR"
"BF","Boulgou","BF-BLG"
"BF","Boulkiemde","BF-BLK"
"BF","Comoe","BF-COM"
"BF","Ganzourgou","BF-GAN"
"BF","Gnagna","BF-GNA"
"BF","Gourma","BF-GOU"
"BF","Houet","BF-HOU"
"BF","Ioba","BF-IOB"
"BF","Kadiogo","BF-KAD"
"BF","Kenedougou","BF-KEN"
"BF","Komondjari","BF-KMD"
"BF","Kompienga","BF-KMP"
"BF","Kossi","BF-KOS"
"BF","Koulpelogo","BF-KOP"
"BF","Kouritenga","BF-KOT"
"BF","Kourweogo","BF-KOW"
"BF","Leraba","BF-LER"
"BF","Loroum","BF-LOR"
"BF","Mouhoun","BF-MOU"
"BF","Nahouri","BF-NAO"
"BF","Namentenga","BF-NAM"
"BF","Nayala","BF-NAY"
"BF","Noumbiel","BF-NOU"
"BF","Oubritenga","BF-OUB"
"BF","Oudalan","BF-OUD"
"BF","Passore","BF-PAS"
"BF","Poni","BF-PON"
"BF","Sanguie","BF-SNG"
"BF","Sanmatenga","BF-SMT"
"BF","Seno","BF-SEN"
"BF","Sissili","BF-SIS"
"BF","Soum","BF-SOM"
"BF","Sourou","BF-SOR"
"BF","Tapoa","BF-TAP"
"BF","Tui","BF-TUI"
"BF","Yagha","BF-YAG"
"BF","Yatenga","BF-YAT"
"BF","Ziro","BF-ZIR"
"BF","Zondoma","BF-ZON"
"BF","Zoundweogo","BF-ZOU"
"BG","Blagoevgrad","BG-01"
"BG","Burgas","BG-02"
"BG","Dobrich","BG-08"
"BG","Gabrovo","BG-07"
"BG","Haskovo","BG-26"
"BG","Kardzhali","BG-09"
"BG","Kyustendil","BG-10"
"BG","Lovech","BG-11"
"BG","Montana","BG-12"
"BG","Pazardzhik","BG-13"
"BG","Pernik","BG-14"
"BG","Pleven","BG-15"
"BG","Plovdiv","BG-16"
"BG","Razgrad","BG-17"
"BG","Ruse","BG-18"
"BG","Shumen","BG-27"
"BG","Silistra","BG-19"
"BG","Sliven","BG-20"
"BG","Smolyan","BG-21"
"BG","Sofia","BG-23"
"BG","Sofia (stolitsa)","BG-22"
"BG","Stara Zagora","BG-24"
"BG","Targovishte","BG-25"
"BG","Varna","BG-03"
"BG","Veliko Tarnovo","BG-04"
"BG","Vidin","BG-05"
"BG","Vratsa","BG-06"
"BG","Yambol","BG-28"
"BH","Al Asimah","BH-13"
"BH","Al Muharraq","BH-15"
"BH","Ash Shamaliyah","BH-17"
"BI","Bubanza","BI-BB"
"BI","Bujumbura Mairie","BI-BM"
"BI","Bururi","BI-BR"
"BI","Cankuzo","BI-CA"
"BI","Cibitoke","BI-CI"
"BI","Gitega","BI-GI"
"BI","Karuzi","BI-KR"
"BI","Kayanza","BI-KY"
"BI","Kirundo","BI-KI"
"BI","Makamba","BI-MA"
"BI","Muramvya","BI-MU"
"BI","Muyinga","BI-MY"
"BI","Mwaro","BI-MW"
"BI","Ngozi","BI-NG"
"BI","Rutana","BI-RT"
"BI","Ruyigi","BI-RY"
"BJ","Alibori","BJ-AL"
"BJ","Atacora","BJ-AK"
"BJ","Atlantique","BJ-AQ"
"BJ","Borgou","BJ-BO"
"BJ","Collines","BJ-CO"
"BJ","Couffo","BJ-KO"
"BJ","Donga","BJ-DO"
"BJ","Littoral","BJ-LI"
"BJ","Mono","BJ-MO"
"BJ","Oueme","BJ-OU"
"BJ","Plateau","BJ-PL"
"BJ","Zou","BJ-ZO"
"BL","Saint Barthelemy","BL"
"BM","Hamilton","-"
"BM","Saint George","-"
"BN","Belait","BN-BE"
"BN","Brunei-Muara","BN-BM"
"BN","Temburong","BN-TE"
"BN","Tutong","BN-TU"
"BO","Chuquisaca","BO-H"
"BO","Cochabamba","BO-C"
"BO","El Beni","BO-B"
"BO","La Paz","BO-L"
"BO","Oruro","BO-O"
"BO","Pando","BO-N"
"BO","Potosi","BO-P"
"BO","Santa Cruz","AR-Z"
"BO","Tarija","BO-T"
"BQ","Bonaire","BQ-BO"
"BQ","Saba","BQ-SA"
"BQ","Sint Eustatius","BQ-SE"
"BR","Acre","BR-AC"
"BR","Alagoas","BR-AL"
"BR","Amapa","BR-AP"
"BR","Amazonas","BR-AM"
"BR","Bahia","BR-BA"
"BR","Ceara","BR-CE"
"BR","Distrito Federal","BR-DF"
"BR","Espirito Santo","BR-ES"
"BR","Goias","BR-GO"
"BR","Maranhao","BR-MA"
"BR","Mato Grosso","BR-MT"
"BR","Mato Grosso do Sul","BR-MS"
"BR","Minas Gerais","BR-MG"
"BR","Para","BR-PA"
"BR","Paraiba","BR-PB"
"BR","Parana","BR-PR"
"BR","Pernambuco","BR-PE"
"BR","Piaui","BR-PI"
"BR","Rio Grande do Norte","BR-RN"
"BR","Rio Grande do Sul","BR-RS"
"BR","Rio de Janeiro","BR-RJ"
"BR","Rondonia","BR-RO"
"BR","Roraima","BR-RR"
"BR","Santa Catarina","BR-SC"
"BR","Sao Paulo","BR-SP"
"BR","Sergipe","BR-SE"
"BR","Tocantins","BR-TO"
"BS","Freeport","BS-FP"
"BS","Fresh Creek","BS-FC"
"BS","Harbour Island","BS-HI"
"BS","High Rock","BS-HR"
"BS","Long Island","BS-LI"
"BS","Marsh Harbour","BS-MH"
"BS","New Providence","BS-NP"
"BS","Rock Sound","BS-RS"
"BT","Chhukha","BT-12"
"BT","Dagana","BT-22"
"BT","Gasa","BT-GA"
"BT","Ha","BT-13"
"BT","Monggar","BT-42"
"BT","Paro","BT-11"
"BT","Punakha","BT-23"
"BT","Thimphu","BT-15"
"BT","Trashi Yangtse","BT-TY"
"BT","Trongsa","BT-32"
"BT","Zhemgang","BT-34"
"BW","Central","BW-CE"
"BW","Ghanzi","BW-GH"
"BW","Kgalagadi","BW-KG"
"BW","Kgatleng","BW-KL"
"BW","Kweneng","BW-KW"
"BW","North-East","BW-NE"
"BW","North-West","BW-NW"
"BW","South-East","BW-SE"
"BW","Southern","BW-SO"
"BY","Brestskaya Voblasts'","BY-BR"
"BY","Homyel'skaya Voblasts'","BY-HO"
"BY","Hrodzyenskaya Voblasts'","BY-HR"
"BY","Mahilyowskaya Voblasts'","BY-MA"
"BY","Minskaya Voblasts'","BY-MI"
"BY","Vitsyebskaya Voblasts'","BY-VI"
"BZ","Belize","BZ-BZ"
"BZ","Cayo","BZ-CY"
"BZ","Corozal","BZ-CZL"
"BZ","Orange Walk","BZ-OW"
"BZ","Stann Creek","BZ-SC"
"BZ","Toledo","BZ-TOL"
"CA","Alberta","CA-AB"
"CA","British Columbia","CA-BC"
"CA","Manitoba","CA-MB"
"CA","New Brunswick","CA-NB"
"CA","Newfoundland and Labrador","CA-NL"
"CA","Northwest Territories","CA-NT"
"CA","Nova Scotia","CA-NS"
"CA","Nunavut","CA-NU"
"CA","Ontario","CA-ON"
"CA","Prince Edward Island","CA-PE"
"CA","Quebec","CA-QC"
"CA","Saskatchewan","CA-SK"
"CA","Yukon","CA-YT"
"CC","Cocos Islands and Keeling Islands","-"
"CD","Bandundu","CD-BN"
"CD","Bas-Congo","CD-BC"
"CD","Equateur","CD-EQ"
"CD","Kasai-Occidental","CD-KW"
"CD","Kasai-Oriental","CD-KE"
"CD","Katanga","CD-KA"
"CD","Kinshasa","CD-KN"
"CD","Maniema","CD-MA"
"CD","Nord-Kivu","CD-NK"
"CD","Orientale","CD-OR"
"CD","Sud-Kivu","CD-SK"
"CF","Bamingui-Bangoran","CF-BB"
"CF","Bangui","CF-BGF"
"CF","Basse-Kotto","CF-BK"
"CF","Haut-Mbomou","CF-HM"
"CF","Haute-Kotto","CF-HK"
"CF","Kemo","CF-KG"
"CF","Lobaye","CF-LB"
"CF","Mambere-Kadei","CF-HS"
"CF","Mbomou","CF-MB"
"CF","Nana-Grebizi","CF-KB"
"CF","Nana-Mambere","CF-NM"
"CF","Ombella-Mpoko","CF-MP"
"CF","Ouaka","CF-UK"
"CF","Ouham","CF-AC"
"CF","Ouham-Pende","CF-OP"
"CF","Sangha-Mbaere","CF-SE"
"CG","Bouenza","CG-11"
"CG","Brazzaville","CG-BZV"
"CG","Cuvette","CG-8"
"CG","Cuvette-Ouest","CG-15"
"CG","Lekoumou","CG-2"
"CG","Likouala","CG-7"
"CG","Niari","CG-9"
"CG","Plateaux","CG-14"
"CG","Pointe-Noire","CG-16"
"CG","Pool","CG-12"
"CG","Sangha","CG-13"
"CH","Aargau","CH-AG"
"CH","Appenzell Ausserrhoden","CH-AR"
"CH","Appenzell Innerrhoden","CH-AI"
"CH","Basel-Landschaft","CH-BL"
"CH","Basel-Stadt","CH-BS"
"CH","Bern","CH-BE"
"CH","Fribourg","CH-FR"
"CH","Geneve","CH-GE"
"CH","Glarus","CH-GL"
"CH","Graubunden","CH-GR"
"CH","Jura","CH-JU"
"CH","Luzern","CH-LU"
"CH","Neuchatel","CH-NE"
"CH","Nidwalden","CH-NW"
"CH","Obwalden","CH-OW"
"CH","Sankt Gallen","CH-SG"
"CH","Schaffhausen","CH-SH"
"CH","Schwyz","CH-SZ"
"CH","Solothurn","CH-SO"
"CH","Thurgau","CH-TG"
"CH","Ticino","CH-TI"
"CH","Uri","CH-UR"
"CH","Valais","CH-VS"
"CH","Vaud","CH-VD"
"CH","Zug","CH-ZG"
"CH","Zurich","CH-ZH"
"CI","Agneby","CI-16"
"CI","Bafing","CI-17"
"CI","Bas-Sassandra","CI-09"
"CI","Denguele","CI-10"
"CI","Dix-Huit Montagnes","CI-06"
"CI","Fromager","CI-18"
"CI","Haut-Sassandra","CI-02"
"CI","Lacs","CI-07"
"CI","Lagunes","CI-01"
"CI","Marahoue","CI-12"
"CI","Moyen-Cavally","CI-19"
"CI","Moyen-Comoe","CI-05"
"CI","N'zi-Comoe","CI-11"
"CI","Savanes","CI-03"
"CI","Sud-Bandama","CI-15"
"CI","Sud-Comoe","CI-13"
"CI","Vallee du Bandama","CI-04"
"CI","Worodougou","CI-14"
"CI","Zanzan","CI-08"
"CK","Cook Islands","CK"
"CL","Antofagasta","CL-AN"
"CL","Araucania","CL-AR"
"CL","Arica y Parinacota","CL-AP"
"CL","Atacama","CL-AT"
"CL","Aysen","CL-AI"
"CL","Biobio","CL-BI"
"CL","Coquimbo","CL-CO"
"CL","Libertador General Bernardo O'Higgins","CL-LI"
"CL","Los Lagos","CL-LL"
"CL","Los Rios","CL-LR"
"CL","Magallanes","CL-MA"
"CL","Maule","CL-ML"
"CL","Region Metropolitana de Santiago","CL-RM"
"CL","Tarapaca","CL-TA"
"CL","Valparaiso","CL-VS"
"CM","Adamaoua","CM-AD"
"CM","Centre","CM-CE"
"CM","Est","CM-ES"
"CM","Extreme-Nord","CM-EN"
"CM","Littoral","BJ-LI"
"CM","Nord","CM-NO"
"CM","Nord-Ouest","CM-NW"
"CM","Ouest","CM-OU"
"CM","Sud","CM-SU"
"CM","Sud-Ouest","CM-SW"
"CN","Anhui","CN-34"
"CN","Beijing","CN-11"
"CN","Chongqing","CN-50"
"CN","Fujian","CN-35"
"CN","Gansu","CN-62"
"CN","Guangdong","CN-44"
"CN","Guangxi","CN-45"
"CN","Guizhou","CN-52"
"CN","Hainan","CN-46"
"CN","Hebei","CN-13"
"CN","Heilongjiang","CN-23"
"CN","Henan","CN-41"
"CN","Hubei","CN-42"
"CN","Hunan","CN-43"
"CN","Jiangsu","CN-32"
"CN","Jiangxi","CN-36"
"CN","Jilin","CN-22"
"CN","Liaoning","CN-21"
"CN","Nei Mongol","CN-15"
"CN","Ningxia","CN-64"
"CN","Qinghai","CN-63"
"CN","Shaanxi","CN-61"
"CN","Shandong","CN-37"
"CN","Shanghai","CN-31"
"CN","Shanxi","CN-14"
"CN","Sichuan","CN-51"
"CN","Tianjin","CN-12"
"CN","Xinjiang","CN-65"
"CN","Xizang","CN-54"
"CN","Yunnan","CN-53"
"CN","Zhejiang","CN-33"
"CO","Amazonas","BR-AM"
"CO","Antioquia","CO-ANT"
"CO","Arauca","CO-ARA"
"CO","Atlantico","CO-ATL"
"CO","Bolivar","CO-BOL"
"CO","Boyaca","CO-BOY"
"CO","Caldas","CO-CAL"
"CO","Caqueta","CO-CAQ"
"CO","Casanare","CO-CAS"
"CO","Cauca","CO-CAU"
"CO","Cesar","CO-CES"
"CO","Choco","CO-CHO"
"CO","Cordoba","AR-X"
"CO","Cundinamarca","CO-CUN"
"CO","Distrito Capital de Bogota","CO-DC"
"CO","Guainia","CO-GUA"
"CO","Guaviare","CO-GUV"
"CO","Huila","AO-HUI"
"CO","La Guajira","CO-LAG"
"CO","Magdalena","CO-MAG"
"CO","Meta","CO-MET"
"CO","Narino","CO-NAR"
"CO","Norte de Santander","CO-NSA"
"CO","Putumayo","CO-PUT"
"CO","Quindio","CO-QUI"
"CO","Risaralda","CO-RIS"
"CO","San Andres, Providencia y Santa Catalina","CO-SAP"
"CO","Santander","CO-SAN"
"CO","Sucre","CO-SUC"
"CO","Tolima","CO-TOL"
"CO","Valle del Cauca","CO-VAC"
"CO","Vaupes","CO-VAU"
"CO","Vichada","CO-VID"
"CR","Alajuela","CR-A"
"CR","Cartago","CR-C"
"CR","Guanacaste","CR-G"
"CR","Heredia","CR-H"
"CR","Limon","CR-L"
"CR","Puntarenas","CR-P"
"CR","San Jose","CR-SJ"
"CU","Artemisa","CU-15"
"CU","Camaguey","CU-09"
"CU","Ciego de Avila","CU-08"
"CU","Cienfuegos","CU-06"
"CU","Granma","CU-12"
"CU","Guantanamo","CU-14"
"CU","Holguin","CU-11"
"CU","Isla de la Juventud","CU-99"
"CU","La Habana","CU-02"
"CU","Las Tunas","CU-10"
"CU","Matanzas","CU-04"
"CU","Mayabeque","CU-16"
"CU","Pinar del Rio","CU-01"
"CU","Sancti Spiritus","CU-07"
"CU","Santiago de Cuba","CU-13"
"CU","Villa Clara","CU-05"
"CV","Boa Vista","CV-BV"
"CV","Brava","CV-BR"
"CV","Maio","CV-MA"
"CV","Mosteiros","CV-MO"
"CV","Paul","CV-PA"
"CV","Porto Novo","CV-PN"
"CV","Praia","CV-PR"
"CV","Ribeira Brava","CV-RB"
"CV","Ribeira Grande","CV-RG"
"CV","Ribeira Grande de Santiago","CV-RS"
"CV","Sal","CV-SL"
"CV","Santa Catarina","BR-SC"
"CV","Santa Catarina do Fogo","CV-CF"
"CV","Santa Cruz","AR-Z"
"CV","Sao Domingos","CV-SD"
"CV","Sao Filipe","CV-SF"
"CV","Sao Miguel","CV-SM"
"CV","Sao Salvador do Mundo","CV-SS"
"CV","Sao Vicente","CV-SV"
"CV","Tarrafal","CV-TA"
"CV","Tarrafal de Sao Nicolau","CV-TS"
"CW","Curacao","CW"
"CX","Christmas Island","CX"
"CY","Ammochostos","CY-04"
"CY","Keryneia","CY-06"
"CY","Larnaka","CY-03"
"CY","Lefkosia","CY-01"
"CY","Lemesos","CY-02"
"CY","Pafos","CY-05"
"CZ","Jihocesky kraj","CZ-JC"
"CZ","Jihomoravsky kraj","CZ-JM"
"CZ","Karlovarsky kraj","CZ-KA"
"CZ","Kralovehradecky kraj","CZ-KR"
"CZ","Liberecky kraj","CZ-LI"
"CZ","Moravskoslezsky kraj","CZ-MO"
"CZ","Olomoucky kraj","CZ-OL"
"CZ","Pardubicky kraj","CZ-PA"
"CZ","Plzensky kraj","CZ-PL"
"CZ","Praha, hlavni mesto","CZ-PR"
"CZ","Stredocesky kraj","CZ-ST"
"CZ","Ustecky kraj","CZ-US"
"CZ","Vysocina kraj","CZ-VY"
"CZ","Zlinsky kraj","CZ-ZL"
"DE","Baden-Wurttemberg","DE-BW"
"DE","Bayern","DE-BY"
"DE","Berlin","DE-BE"
"DE","Brandenburg","DE-BB"
"DE","Bremen","DE-HB"
"DE","Hamburg","DE-HH"
"DE","Hessen","DE-HE"
"DE","Mecklenburg-Vorpommern","DE-MV"
"DE","Niedersachsen","DE-NI"
"DE","Nordrhein-Westfalen","DE-NW"
"DE","Rheinland-Pfalz","DE-RP"
"DE","Saarland","DE-SL"
"DE","Sachsen","DE-SN"
"DE","Sachsen-Anhalt","DE-ST"
"DE","Schleswig-Holstein","DE-SH"
"DE","Thuringen","DE-TH"
"DJ","Ali Sabieh","DJ-AS"
"DJ","Arta","DJ-AR"
"DJ","Dikhil","DJ-DI"
"DJ","Djibouti","DJ-DJ"
"DJ","Obock","DJ-OB"
"DJ","Tadjourah","DJ-TA"
"DK","Hovedstaden","DK-84"
"DK","Midtjylland","DK-82"
"DK","Nordjylland","DK-81"
"DK","Sjelland","DK-85"
"DK","Syddanmark","DK-83"
"DM","Saint Andrew","DM-02"
"DM","Saint David","DM-03"
"DM","Saint George","DM-04"
"DM","Saint John","AG-04"
"DM","Saint Joseph","BB-06"
"DM","Saint Luke","DM-07"
"DM","Saint Mark","DM-08"
"DM","Saint Patrick","DM-09"
"DM","Saint Paul","AG-06"
"DO","Azua","DO-02"
"DO","Baoruco","DO-03"
"DO","Barahona","DO-04"
"DO","Dajabon","DO-05"
"DO","Distrito Nacional","DO-01"
"DO","Duarte","DO-06"
"DO","El Seibo","DO-08"
"DO","Elias Pina","DO-07"
"DO","Espaillat","DO-09"
"DO","Hato Mayor","DO-30"
"DO","Independencia","DO-10"
"DO","La Altagracia","DO-11"
"DO","La Romana","DO-12"
"DO","La Vega","DO-13"
"DO","Maria Trinidad Sanchez","DO-14"
"DO","Monsenor Nouel","DO-28"
"DO","Monte Cristi","DO-15"
"DO","Monte Plata","DO-29"
"DO","Pedernales","DO-16"
"DO","Peravia","DO-17"
"DO","Puerto Plata","DO-18"
"DO","Salcedo","DO-19"
"DO","Samana","DO-20"
"DO","San Cristobal","DO-21"
"DO","San Juan","AR-J"
"DO","San Pedro De Macoris","DO-23"
"DO","Sanchez Ramirez","DO-24"
"DO","Santiago","DO-25"
"DO","Santiago Rodriguez","DO-26"
"DO","Valverde","DO-27"
"DZ","Adrar","DZ-01"
"DZ","Ain Defla","DZ-44"
"DZ","Ain Temouchent","DZ-46"
"DZ","Alger","DZ-16"
"DZ","Annaba","DZ-23"
"DZ","Batna","DZ-05"
"DZ","Bechar","DZ-08"
"DZ","Bejaia","DZ-06"
"DZ","Biskra","DZ-07"
"DZ","Blida","DZ-09"
"DZ","Bordj Bou Arreridj","DZ-34"
"DZ","Bouira","DZ-10"
"DZ","Boumerdes","DZ-35"
"DZ","Chlef","DZ-02"
"DZ","Constantine","DZ-25"
"DZ","Djelfa","DZ-17"
"DZ","El Bayadh","DZ-32"
"DZ","El Oued","DZ-39"
"DZ","El Tarf","DZ-36"
"DZ","Ghardaia","DZ-47"
"DZ","Guelma","DZ-24"
"DZ","Illizi","DZ-33"
"DZ","Khenchela","DZ-40"
"DZ","Laghouat","DZ-03"
"DZ","Mascara","DZ-29"
"DZ","Medea","DZ-26"
"DZ","Mila","DZ-43"
"DZ","Mostaganem","DZ-27"
"DZ","Msila","DZ-28"
"DZ","Naama","DZ-45"
"DZ","Oran","DZ-31"
"DZ","Ouargla","DZ-30"
"DZ","Oum el Bouaghi","DZ-04"
"DZ","Relizane","DZ-48"
"DZ","Saida","DZ-20"
"DZ","Setif","DZ-19"
"DZ","Sidi Bel Abbes","DZ-22"
"DZ","Skikda","DZ-21"
"DZ","Souk Ahras","DZ-41"
"DZ","Tamanrasset","DZ-11"
"DZ","Tebessa","DZ-12"
"DZ","Tiaret","DZ-14"
"DZ","Tindouf","DZ-37"
"DZ","Tipaza","DZ-42"
"DZ","Tissemsilt","DZ-38"
"DZ","Tizi Ouzou","DZ-15"
"DZ","Tlemcen","DZ-13"
"EC","Azuay","EC-A"
"EC","Bolivar","CO-BOL"
"EC","Canar","EC-F"
"EC","Carchi","EC-C"
"EC","Chimborazo","EC-H"
"EC","Cotopaxi","EC-X"
"EC","El Oro","EC-O"
"EC","Esmeraldas","EC-E"
"EC","Galapagos","EC-W"
"EC","Guayas","EC-G"
"EC","Imbabura","EC-I"
"EC","Loja","EC-L"
"EC","Los Rios","CL-LR"
"EC","Manabi","EC-M"
"EC","Morona-Santiago","EC-S"
"EC","Napo","EC-N"
"EC","Orellana","EC-D"
"EC","Pastaza","EC-Y"
"EC","Pichincha","EC-P"
"EC","Santa Elena","EC-SE"
"EC","Sucumbios","EC-U"
"EC","Tungurahua","EC-T"
"EC","Zamora-Chinchipe","EC-Z"
"EE","Harjumaa","EE-37"
"EE","Hiiumaa","EE-39"
"EE","Ida-Virumaa","EE-44"
"EE","Jarvamaa","EE-51"
"EE","Jogevamaa","EE-49"
"EE","Laane-Virumaa","EE-59"
"EE","Laanemaa","EE-57"
"EE","Parnumaa","EE-67"
"EE","Polvamaa","EE-65"
"EE","Raplamaa","EE-70"
"EE","Saaremaa","EE-74"
"EE","Tartumaa","EE-78"
"EE","Valgamaa","EE-82"
"EE","Viljandimaa","EE-84"
"EE","Vorumaa","EE-86"
"EG","Ad Daqahliyah","EG-DK"
"EG","Al Bahr al Ahmar","EG-BA"
"EG","Al Buhayrah","EG-BH"
"EG","Al Fayyum","EG-FYM"
"EG","Al Gharbiyah","EG-GH"
"EG","Al Iskandariyah","EG-ALX"
"EG","Al Ismailiyah","EG-IS"
"EG","Al Jizah","EG-GZ"
"EG","Al Minufiyah","EG-MNF"
"EG","Al Minya","EG-MN"
"EG","Al Qahirah","EG-C"
"EG","Al Qalyubiyah","EG-KB"
"EG","Al Uqsur","EG-LX"
"EG","Al Wadi al Jadid","EG-WAD"
"EG","As Suways","EG-SUZ"
"EG","Ash Sharqiyah","EG-SHR"
"EG","Aswan","EG-ASN"
"EG","Asyut","EG-AST"
"EG","Bani Suwayf","EG-BNS"
"EG","Bur Sa'id","EG-PTS"
"EG","Dumyat","EG-DT"
"EG","Janub Sina'","EG-JS"
"EG","Kafr ash Shaykh","EG-KFS"
"EG","Matruh","EG-MT"
"EG","Qina","EG-KN"
"EG","Shamal Sina'","EG-SIN"
"EG","Suhaj","EG-SHG"
"EH","Oued Ed-Dahab-Lagouira","MA-16"
"EH","Western Sahara","MA-14"
"ER","Al Awsat","ER-MA"
"ER","Al Janubi","ER-DU"
"ER","Ansaba","ER-AN"
"ER","Janubi al Bahri al Ahmar","ER-DK"
"ER","Qash-Barkah","ER-GB"
"ER","Shimali al Bahri al Ahmar","ER-SK"
"ES","Andalucia","ES-AN"
"ES","Aragon","ES-AR"
"ES","Asturias, Principado de","ES-AS"
"ES","Canarias","ES-CN"
"ES","Cantabria","ES-CB"
"ES","Castilla y Leon","ES-CL"
"ES","Castilla-La Mancha","ES-CM"
"ES","Catalunya","ES-CT"
"ES","Ceuta","ES-CE"
"ES","Extremadura","ES-EX"
"ES","Galicia","ES-GA"
"ES","Illes Balears","ES-IB"
"ES","La Rioja","AR-F"
"ES","Madrid, Comunidad de","ES-MD"
"ES","Melilla","ES-ML"
"ES","Murcia, Region de","ES-MC"
"ES","Navarra, Comunidad Foral de","ES-NC"
"ES","Pais Vasco","ES-PV"
"ES","Valenciana, Comunidad","ES-VC"
"ET","Adis Abeba","ET-AA"
"ET","Afar","ET-AF"
"ET","Amara","ET-AM"
"ET","Binshangul Gumuz","ET-BE"
"ET","Dire Dawa","ET-DD"
"ET","Gambela Hizboch","ET-GA"
"ET","Hareri Hizb","ET-HA"
"ET","Oromiya","ET-OR"
"ET","Sumale","ET-SO"
"ET","Tigray","ET-TI"
"ET","YeDebub Biheroch Bihereseboch na Hizboch","ET-SN"
"FI","Etela-Karjala","FI-02"
"FI","Etela-Pohjanmaa","FI-03"
"FI","Etela-Savo","FI-04"
"FI","Kainuu","FI-05"
"FI","Kanta-Hame","FI-06"
"FI","Keski-Pohjanmaa","FI-07"
"FI","Keski-Suomi","FI-08"
"FI","Kymenlaakso","FI-09"
"FI","Lappi","FI-10"
"FI","Paijat-Hame","FI-16"
"FI","Pirkanmaa","FI-11"
"FI","Pohjanmaa","FI-12"
"FI","Pohjois-Karjala","FI-13"
"FI","Pohjois-Pohjanmaa","FI-14"
"FI","Pohjois-Savo","FI-15"
"FI","Satakunta","FI-17"
"FI","Uusimaa","FI-18"
"FI","Varsinais-Suomi","FI-19"
"FJ","Central","BW-CE"
"FJ","Northern","FJ-N"
"FJ","Western","FJ-W"
"FK","Falkland Islands","-"
"FM","Chuuk","FM-TRK"
"FM","Kosrae","FM-KSA"
"FM","Pohnpei","FM-PNI"
"FM","Yap","FM-YAP"
"FO","Eysturoy","-"
"FO","Nordoyar","-"
"FO","Sandoy","-"
"FO","Streymoy","-"
"FO","Suduroy","-"
"FO","Vagar","-"
"FR","Alsace","FR-A"
"FR","Aquitaine","FR-B"
"FR","Auvergne","FR-C"
"FR","Basse-Normandie","FR-P"
"FR","Bourgogne","FR-D"
"FR","Bretagne","FR-E"
"FR","Centre","CM-CE"
"FR","Champagne-Ardenne","FR-G"
"FR","Corse","FR-H"
"FR","Franche-Comte","FR-I"
"FR","Haute-Normandie","FR-Q"
"FR","Ile-de-France","FR-J"
"FR","Languedoc-Roussillon","FR-K"
"FR","Limousin","FR-L"
"FR","Lorraine","FR-M"
"FR","Midi-Pyrenees","FR-N"
"FR","Nord-Pas-de-Calais","FR-O"
"FR","Pays de la Loire","FR-R"
"FR","Picardie","FR-S"
"FR","Poitou-Charentes","FR-T"
"FR","Provence-Alpes-Cote d'Azur","FR-U"
"FR","Rhone-Alpes","FR-V"
"GA","Estuaire","GA-1"
"GA","Haut-Ogooue","GA-2"
"GA","Moyen-Ogooue","GA-3"
"GA","Ngounie","GA-4"
"GA","Nyanga","GA-5"
"GA","Ogooue-Ivindo","GA-6"
"GA","Ogooue-Lolo","GA-7"
"GA","Ogooue-Maritime","GA-8"
"GA","Woleu-Ntem","GA-9"
"GB","England","GB-ENG"
"GB","Northern Ireland","GB-NIR"
"GB","Scotland","GB-SCT"
"GB","Wales","GB-WLS"
"GD","Saint Andrew","DM-02"
"GD","Saint David","DM-03"
"GD","Saint George","DM-04"
"GD","Saint John","AG-04"
"GD","Saint Mark","DM-08"
"GD","Saint Patrick","DM-09"
"GE","Abkhazia","GE-AB"
"GE","Ajaria","GE-AJ"
"GE","Akhalk'alak'is Raioni","GE-04"
"GE","Baghdat'is Raioni","GE-09"
"GE","Borjomis Raioni","GE-11"
"GE","Goris Raioni","GE-19"
"GE","Guria","GE-GU"
"GE","Imereti","GE-IM"
"GE","Javis Raioni","GE-23"
"GE","K'arelis Raioni","GE-24"
"GE","Kakheti","GE-KA"
"GE","Khashuris Raioni","GE-28"
"GE","Kvemo Kartli","GE-KK"
"GE","Mtskheta-Mtianeti","GE-MM"
"GE","Racha-Lechkhumi and Kvemo Svaneti","GE-RL"
"GE","Samegrelo and Zemo Svaneti","GE-SZ"
"GE","Samtskhe-Javakheti","GE-SJ"
"GE","Shida Kartli","GE-SK"
"GE","T'bilisi","GE-TBS"
"GE","Vanis Raioni","GE-61"
"GF","Guyane","-"
"GG","Guernsey (general)","-"
"GH","Ashanti","GH-AH"
"GH","Brong-Ahafo","GH-BA"
"GH","Central","BW-CE"
"GH","Eastern","GH-EP"
"GH","Greater Accra","GH-AA"
"GH","Northern","FJ-N"
"GH","Upper East","GH-UE"
"GH","Upper West","GH-UW"
"GH","Volta","GH-TV"
"GH","Western","FJ-W"
"GI","Gibraltar","GI"
"GL","Kommune Kujalleq","GL-KU"
"GL","Kommuneqarfik Sermersooq","GL-SM"
"GL","Qaasuitsup Kommunia","GL-QA"
"GL","Qeqqata Kommunia","GL-QE"
"GM","Banjul","GM-B"
"GM","Central River","GM-M"
"GM","Lower River","GM-L"
"GM","North Bank","GM-N"
"GM","Upper River","GM-U"
"GM","Western","FJ-W"
"GN","Beyla","GN-BE"
"GN","Boffa","GN-BF"
"GN","Boke","GN-BK"
"GN","Conakry","GN-C"
"GN","Coyah","GN-CO"
"GN","Dabola","GN-DB"
"GN","Dalaba","GN-DL"
"GN","Dinguiraye","GN-DI"
"GN","Dubreka","GN-DU"
"GN","Faranah","GN-FA"
"GN","Forecariah","GN-FO"
"GN","Fria","GN-FR"
"GN","Gaoual","GN-GA"
"GN","Gueckedou","GN-GU"
"GN","Kankan","GN-KA"
"GN","Kerouane","GN-KE"
"GN","Kindia","GN-KD"
"GN","Kissidougou","GN-KS"
"GN","Koubia","GN-KB"
"GN","Koundara","GN-KN"
"GN","Kouroussa","GN-KO"
"GN","Labe","GN-LA"
"GN","Lelouma","GN-LE"
"GN","Lola","GN-LO"
"GN","Macenta","GN-MC"
"GN","Mali","GN-ML"
"GN","Mamou","GN-MM"
"GN","Mandiana","GN-MD"
"GN","Nzerekore","GN-NZ"
"GN","Pita","GN-PI"
"GN","Siguiri","GN-SI"
"GN","Telimele","GN-TE"
"GN","Tougue","GN-TO"
"GN","Yomou","GN-YO"
"GP","Guadeloupe","GP"
"GQ","Annobon","GQ-AN"
"GQ","Bioko Norte","GQ-BN"
"GQ","Bioko Sur","GQ-BS"
"GQ","Centro Sur","GQ-CS"
"GQ","Kie-Ntem","GQ-KN"
"GQ","Litoral","GQ-LI"
"GQ","Wele-Nzas","GQ-WN"
"GR","Aitolia kai Akarnania","GR-01"
"GR","Akhaia","GR-13"
"GR","Argolis","GR-11"
"GR","Arkadhia","GR-12"
"GR","Arta","DJ-AR"
"GR","Attiki","GR-A1"
"GR","Dhodhekanisos","GR-81"
"GR","Drama","GR-52"
"GR","Evritania","GR-05"
"GR","Evros","GR-71"
"GR","Evvoia","GR-04"
"GR","Florina","GR-63"
"GR","Fokis","GR-07"
"GR","Fthiotis","GR-06"
"GR","Grevena","GR-51"
"GR","Ilia","GR-14"
"GR","Imathia","GR-53"
"GR","Ioannina","GR-33"
"GR","Iraklion","GR-91"
"GR","Kardhitsa","GR-41"
"GR","Kastoria","GR-56"
"GR","Kavala","GR-55"
"GR","Kefallinia","GR-23"
"GR","Kerkira","GR-22"
"GR","Khalkidhiki","GR-64"
"GR","Khania","GR-94"
"GR","Khios","GR-85"
"GR","Kikladhes","GR-82"
"GR","Kilkis","GR-57"
"GR","Korinthia","GR-15"
"GR","Kozani","GR-58"
"GR","Lakonia","GR-16"
"GR","Larisa","GR-42"
"GR","Lasithi","GR-92"
"GR","Lesvos","GR-83"
"GR","Levkas","GR-24"
"GR","Magnisia","GR-43"
"GR","Messinia","GR-17"
"GR","Pella","GR-59"
"GR","Pieria","GR-61"
"GR","Preveza","GR-34"
"GR","Rethimni","GR-93"
"GR","Rodhopi","GR-73"
"GR","Samos","GR-84"
"GR","Serrai","GR-62"
"GR","Thesprotia","GR-32"
"GR","Thessaloniki","GR-54"
"GR","Trikala","GR-44"
"GR","Voiotia","GR-03"
"GR","Xanthi","GR-72"
"GR","Zakinthos","GR-21"
"GS","South Georgia and the South Sandwich Islands","-"
"GT","Alta Verapaz","GT-AV"
"GT","Baja Verapaz","GT-BV"
"GT","Chimaltenango","GT-CM"
"GT","Chiquimula","GT-CQ"
"GT","El Progreso","GT-PR"
"GT","Escuintla","GT-ES"
"GT","Guatemala","GT-GU"
"GT","Huehuetenango","GT-HU"
"GT","Izabal","GT-IZ"
"GT","Jalapa","GT-JA"
"GT","Jutiapa","GT-JU"
"GT","Peten","GT-PE"
"GT","Quetzaltenango","GT-QZ"
"GT","Quiche","GT-QC"
"GT","Retalhuleu","GT-RE"
"GT","Sacatepequez","GT-SA"
"GT","San Marcos","GT-SM"
"GT","Santa Rosa","GT-SR"
"GT","Solola","GT-SO"
"GT","Suchitepequez","GT-SU"
"GT","Totonicapan","GT-TO"
"GT","Zacapa","GT-ZA"
"GU","Agana Heights Municipality","-"
"GU","Agat Municipality","-"
"GU","Asan-Maina Municipality","-"
"GU","Barrigada Municipality","-"
"GU","Chalan Pago-Ordot Municipality","-"
"GU","Dededo Municipality","-"
"GU","Hagatna Municipality","-"
"GU","Inarajan Municipality","-"
"GU","Mangilao Municipality","-"
"GU","Merizo Municipality","-"
"GU","Mongmong-Toto-Maite Municipality","-"
"GU","Piti Municipality","-"
"GU","Santa Rita Municipality","-"
"GU","Sinajana Municipality","-"
"GU","Talofofo Municipality","-"
"GU","Tamuning-Tumon-Harmon Municipality","-"
"GU","Umatac Municipality","-"
"GU","Yigo Municipality","-"
"GU","Yona Municipality","-"
"GW","Bafata","GW-BA"
"GW","Biombo","GW-BM"
"GW","Bissau","GW-BS"
"GW","Bolama","GW-BL"
"GW","Cacheu","GW-CA"
"GW","Gabu","GW-GA"
"GW","Oio","GW-OI"
"GW","Quinara","GW-QU"
"GW","Tombali","GW-TO"
"GY","Cuyuni-Mazaruni","GY-CU"
"GY","Demerara-Mahaica","GY-DE"
"GY","East Berbice-Corentyne","GY-EB"
"GY","Essequibo Islands-West Demerara","GY-ES"
"GY","Mahaica-Berbice","GY-MA"
"GY","Pomeroon-Supenaam","GY-PM"
"GY","Upper Demerara-Berbice","GY-UD"
"HK","Hong Kong (SAR)","-"
"HN","Atlantida","HN-AT"
"HN","Choluteca","HN-CH"
"HN","Colon","HN-CL"
"HN","Comayagua","HN-CM"
"HN","Copan","HN-CP"
"HN","Cortes","HN-CR"
"HN","El Paraiso","HN-EP"
"HN","Francisco Morazan","HN-FM"
"HN","Gracias a Dios","HN-GD"
"HN","Intibuca","HN-IN"
"HN","Islas de la Bahia","HN-IB"
"HN","La Paz","BO-L"
"HN","Lempira","HN-LE"
"HN","Ocotepeque","HN-OC"
"HN","Olancho","HN-OL"
"HN","Santa Barbara","HN-SB"
"HN","Valle","HN-VA"
"HN","Yoro","HN-YO"
"HR","Bjelovarsko-bilogorska zupanija","HR-07"
"HR","Brodsko-posavska zupanija","HR-12"
"HR","Dubrovacko-neretvanska zupanija","HR-19"
"HR","Grad Zagreb","HR-21"
"HR","Istarska zupanija","HR-18"
"HR","Karlovacka zupanija","HR-04"
"HR","Koprivnicko-krizevacka zupanija","HR-06"
"HR","Krapinsko-zagorska zupanija","HR-02"
"HR","Licko-senjska zupanija","HR-09"
"HR","Medimurska zupanija","HR-20"
"HR","Osjecko-baranjska zupanija","HR-14"
"HR","Pozesko-slavonska zupanija","HR-11"
"HR","Primorsko-goranska zupanija","HR-08"
"HR","Sibensko-kninska zupanija","HR-15"
"HR","Sisacko-moslavacka zupanija","HR-03"
"HR","Splitsko-dalmatinska zupanija","HR-17"
"HR","Varazdinska zupanija","HR-05"
"HR","Viroviticko-podravska zupanija","HR-10"
"HR","Vukovarsko-srijemska zupanija","HR-16"
"HR","Zadarska zupanija","HR-13"
"HR","Zagrebacka zupanija","HR-01"
"HT","Artibonite","HT-AR"
"HT","Centre","CM-CE"
"HT","Grand' Anse","HT-GA"
"HT","Nippes","HT-NI"
"HT","Nord","CM-NO"
"HT","Nord-Est","HT-NE"
"HT","Nord-Ouest","CM-NW"
"HT","Ouest","CM-OU"
"HT","Sud","CM-SU"
"HT","Sud-Est","HT-SE"
"HU","Bacs-Kiskun","HU-BK"
"HU","Baranya","HU-BA"
"HU","Bekes","HU-BE"
"HU","Borsod-Abauj-Zemplen","HU-BZ"
"HU","Budapest","HU-BU"
"HU","Csongrad","HU-CS"
"HU","Fejer","HU-FE"
"HU","Gyor-Moson-Sopron","HU-GS"
"HU","Hajdu-Bihar","HU-HB"
"HU","Heves","HU-HE"
"HU","Jasz-Nagykun-Szolnok","HU-JN"
"HU","Komarom-Esztergom","HU-KE"
"HU","Nograd","HU-NO"
"HU","Pest","HU-PE"
"HU","Somogy","HU-SO"
"HU","Szabolcs-Szatmar-Bereg","HU-SZ"
"HU","Tolna","HU-TO"
"HU","Vas","HU-VA"
"HU","Veszprem","HU-VE"
"HU","Zala","HU-ZA"
"ID","Aceh","ID-AC"
"ID","Bali","ID-BA"
"ID","Bangka Belitung","ID-BB"
"ID","Banten","ID-BT"
"ID","Bengkulu","ID-BE"
"ID","Gorontalo","ID-GO"
"ID","Jakarta Raya","ID-JK"
"ID","Jambi","ID-JA"
"ID","Jawa Barat","ID-JB"
"ID","Jawa Tengah","ID-JT"
"ID","Jawa Timur","ID-JI"
"ID","Kalimantan Barat","ID-KB"
"ID","Kalimantan Selatan","ID-KS"
"ID","Kalimantan Tengah","ID-KT"
"ID","Kalimantan Timur","ID-KI"
"ID","Kepulauan Riau","ID-KR"
"ID","Lampung","ID-LA"
"ID","Maluku","ID-MA"
"ID","Maluku Utara","ID-MU"
"ID","Nusa Tenggara Barat","ID-NB"
"ID","Nusa Tenggara Timur","ID-NT"
"ID","Papua","ID-PA"
"ID","Papua Barat","ID-PB"
"ID","Riau","ID-RI"
"ID","Sulawesi Barat","ID-SR"
"ID","Sulawesi Selatan","ID-SN"
"ID","Sulawesi Tengah","ID-ST"
"ID","Sulawesi Tenggara","ID-SG"
"ID","Sulawesi Utara","ID-SA"
"ID","Sumatera Barat","ID-SB"
"ID","Sumatera Selatan","ID-SS"
"ID","Sumatera Utara","ID-SU"
"ID","Yogyakarta","ID-YO"
"IE","Carlow","IE-CW"
"IE","Cavan","IE-CN"
"IE","Clare","IE-CE"
"IE","Cork","IE-CO"
"IE","Donegal","IE-DL"
"IE","Dublin","IE-D"
"IE","Galway","IE-G"
"IE","Kerry","IE-KY"
"IE","Kildare","IE-KE"
"IE","Kilkenny","IE-KK"
"IE","Laois","IE-LS"
"IE","Leitrim","IE-LM"
"IE","Limerick","IE-LK"
"IE","Longford","IE-LD"
"IE","Louth","IE-LH"
"IE","Mayo","IE-MO"
"IE","Meath","IE-MH"
"IE","Monaghan","IE-MN"
"IE","Offaly","IE-OY"
"IE","Roscommon","IE-RN"
"IE","Sligo","IE-SO"
"IE","Tipperary","IE-TA"
"IE","Waterford","IE-WD"
"IE","Westmeath","IE-WH"
"IE","Wexford","IE-WX"
"IE","Wicklow","IE-WW"
"IL","HaDarom","IL-D"
"IL","HaMerkaz","IL-M"
"IL","HaTsafon","IL-Z"
"IL","Hefa","IL-HA"
"IL","Tel-Aviv","IL-TA"
"IL","Yerushalayim","IL-JM"
"IM","Isle of Man","IM"
"IN","Andaman and Nicobar Islands","IN-AN"
"IN","Andhra Pradesh","IN-AP"
"IN","Arunachal Pradesh","IN-AR"
"IN","Assam","IN-AS"
"IN","Bihar","IN-BR"
"IN","Chandigarh","IN-CH"
"IN","Chhattisgarh","IN-CT"
"IN","Dadra and Nagar Haveli","IN-DN"
"IN","Daman and Diu","IN-DD"
"IN","Delhi","IN-DL"
"IN","Goa","IN-GA"
"IN","Gujarat","IN-GJ"
"IN","Haryana","IN-HR"
"IN","Himachal Pradesh","IN-HP"
"IN","Jammu and Kashmir","IN-JK"
"IN","Jharkhand","IN-JH"
"IN","Karnataka","IN-KA"
"IN","Kerala","IN-KL"
"IN","Lakshadweep","IN-LD"
"IN","Madhya Pradesh","IN-MP"
"IN","Maharashtra","IN-MH"
"IN","Manipur","IN-MN"
"IN","Meghalaya","IN-ML"
"IN","Mizoram","IN-MZ"
"IN","Nagaland","IN-NL"
"IN","Odisha","IN-OR"
"IN","Puducherry","IN-PY"
"IN","Punjab","IN-PB"
"IN","Rajasthan","IN-RJ"
"IN","Sikkim","IN-SK"
"IN","Tamil Nadu","IN-TN"
"IN","Telangana","IN-TG"
"IN","Tripura","IN-TR"
"IN","Uttar Pradesh","IN-UP"
"IN","Uttarakhand","IN-UT"
"IN","West Bengal","IN-WB"
"IO","British Indian Ocean Territory","IO"
"IQ","Al Anbar","IQ-AN"
"IQ","Al Basrah","IQ-BA"
"IQ","Al Muthanna","IQ-MU"
"IQ","Al Qadisiyah","IQ-QA"
"IQ","An Najaf","IQ-NA"
"IQ","Arbil","IQ-AR"
"IQ","As Sulaymaniyah","IQ-SU"
"IQ","Babil","IQ-BB"
"IQ","Baghdad","IQ-BG"
"IQ","Dahuk","IQ-DA"
"IQ","Dhi Qar","IQ-DQ"
"IQ","Diyala","IQ-DI"
"IQ","Karbala'","IQ-KA"
"IQ","Kirkuk","IQ-KI"
"IQ","Maysan","IQ-MA"
"IQ","Ninawa","IQ-NI"
"IQ","Salah ad Din","IQ-SD"
"IQ","Wasit","IQ-WA"
"IR","Alborz","IR-32"
"IR","Ardabil","IR-03"
"IR","Azarbayjan-e Gharbi","IR-02"
"IR","Azarbayjan-e Sharqi","IR-01"
"IR","Bushehr","IR-06"
"IR","Chahar Mahal va Bakhtiari","IR-08"
"IR","Esfahan","IR-04"
"IR","Fars","IR-14"
"IR","Gilan","IR-19"
"IR","Golestan","IR-27"
"IR","Hamadan","IR-24"
"IR","Hormozgan","IR-23"
"IR","Ilam","IR-05"
"IR","Kerman","IR-15"
"IR","Kermanshah","IR-17"
"IR","Khorasan-e Jonubi","IR-29"
"IR","Khorasan-e Razavi","IR-30"
"IR","Khorasan-e Shomali","IR-31"
"IR","Khuzestan","IR-10"
"IR","Kohgiluyeh va Bowyer Ahmad","IR-18"
"IR","Kordestan","IR-16"
"IR","Lorestan","IR-20"
"IR","Markazi","IR-22"
"IR","Mazandaran","IR-21"
"IR","Qazvin","IR-28"
"IR","Qom","IR-26"
"IR","Semnan","IR-12"
"IR","Sistan va Baluchestan","IR-13"
"IR","Tehran","IR-07"
"IR","Yazd","IR-25"
"IR","Zanjan","IR-11"
"IS","Austurland","IS-7"
"IS","Hofudborgarsvaedi utan Reykjavikur","IS-1"
"IS","Nordurland eystra","IS-6"
"IS","Nordurland vestra","IS-5"
"IS","Sudurland","IS-8"
"IS","Sudurnes","IS-2"
"IS","Vestfirdir","IS-4"
"IS","Vesturland","IS-3"
"IT","Abruzzo","IT-65"
"IT","Basilicata","IT-77"
"IT","Calabria","IT-78"
"IT","Campania","IT-72"
"IT","Emilia-Romagna","IT-45"
"IT","Friuli-Venezia Giulia","IT-36"
"IT","Lazio","IT-62"
"IT","Liguria","IT-42"
"IT","Lombardia","IT-25"
"IT","Marche","IT-57"
"IT","Molise","IT-67"
"IT","Piemonte","IT-21"
"IT","Puglia","IT-75"
"IT","Sardegna","IT-88"
"IT","Sicilia","IT-82"
"IT","Toscana","IT-52"
"IT","Trentino-Alto Adige","IT-32"
"IT","Umbria","IT-55"
"IT","Valle d'Aosta","IT-23"
"IT","Veneto","IT-34"
"JE","Jersey","JE"
"JM","Clarendon","JM-13"
"JM","Hanover","JM-09"
"JM","Kingston","JM-01"
"JM","Manchester","JM-12"
"JM","Portland","JM-04"
"JM","Saint Andrew","DM-02"
"JM","Saint Ann","JM-06"
"JM","Saint Catherine","JM-14"
"JM","Saint Elizabeth","JM-11"
"JM","Saint James","BB-04"
"JM","Saint Mary","AG-05"
"JM","Saint Thomas","JM-03"
"JM","Trelawny","JM-07"
"JM","Westmoreland","JM-10"
"JO","Al 'Aqabah","JO-AQ"
"JO","Al 'Asimah","JO-AM"
"JO","Al Balqa'","JO-BA"
"JO","Al Karak","JO-KA"
"JO","Al Mafraq","JO-MA"
"JO","At Tafilah","JO-AT"
"JO","Az Zarqa'","JO-AZ"
"JO","Irbid","JO-IR"
"JO","Ma'an","JO-MN"
"JO","Madaba","JO-MD"
"JP","Aichi","JP-23"
"JP","Akita","JP-05"
"JP","Aomori","JP-02"
"JP","Chiba","JP-12"
"JP","Ehime","JP-38"
"JP","Fukui","JP-18"
"JP","Fukuoka","JP-40"
"JP","Fukushima","JP-07"
"JP","Gifu","JP-21"
"JP","Gunma","JP-10"
"JP","Hiroshima","JP-34"
"JP","Hokkaido","JP-01"
"JP","Hyogo","JP-28"
"JP","Ibaraki","JP-08"
"JP","Ishikawa","JP-17"
"JP","Iwate","JP-03"
"JP","Kagawa","JP-37"
"JP","Kagoshima","JP-46"
"JP","Kanagawa","JP-14"
"JP","Kochi","JP-39"
"JP","Kumamoto","JP-43"
"JP","Kyoto","JP-26"
"JP","Mie","JP-24"
"JP","Miyagi","JP-04"
"JP","Miyazaki","JP-45"
"JP","Nagano","JP-20"
"JP","Nagasaki","JP-42"
"JP","Nara","JP-29"
"JP","Niigata","JP-15"
"JP","Oita","JP-44"
"JP","Okayama","JP-33"
"JP","Okinawa","JP-47"
"JP","Osaka","JP-27"
"JP","Saga","JP-41"
"JP","Saitama","JP-11"
"JP","Shiga","JP-25"
"JP","Shimane","JP-32"
"JP","Shizuoka","JP-22"
"JP","Tochigi","JP-09"
"JP","Tokushima","JP-36"
"JP","Tokyo","JP-13"
"JP","Tottori","JP-31"
"JP","Toyama","JP-16"
"JP","Wakayama","JP-30"
"JP","Yamagata","JP-06"
"JP","Yamaguchi","JP-35"
"JP","Yamanashi","JP-19"
"KE","Central","BW-CE"
"KE","Coast","KE-300"
"KE","Eastern","GH-EP"
"KE","Nairobi Area","KE-110"
"KE","North-Eastern","KE-500"
"KE","Nyanza","KE-600"
"KE","Rift Valley","KE-700"
"KE","Western","FJ-W"
"KG","Batken","KG-B"
"KG","Bishkek","KG-GB"
"KG","Chu","KG-C"
"KG","Jalal-Abad","KG-J"
"KG","Naryn","KG-N"
"KG","Osh","KG-O"
"KG","Talas","KG-T"
"KG","Ysyk-Kol","KG-Y"
"KH","Baat Dambang","KH-2"
"KH","Banteay Mean Chey","KH-1"
"KH","Kampong Chaam","KH-3"
"KH","Kampong Chhnang","KH-4"
"KH","Kampong Spueu","KH-5"
"KH","Kampong Thum","KH-6"
"KH","Kampot","KH-7"
"KH","Kandaal","KH-8"
"KH","Kaoh Kong","KH-9"
"KH","Kracheh","KH-10"
"KH","Krong Kaeb","KH-23"
"KH","Krong Pailin","KH-24"
"KH","Krong Preah Sihanouk","KH-18"
"KH","Mondol Kiri","KH-11"
"KH","Otdar Mean Chey","KH-22"
"KH","Phnom Penh","KH-12"
"KH","Pousaat","KH-15"
"KH","Preah Vihear","KH-13"
"KH","Prey Veaeng","KH-14"
"KH","Rotanak Kiri","KH-16"
"KH","Siem Reab","KH-17"
"KH","Stueng Traeng","KH-19"
"KH","Svaay Rieng","KH-20"
"KH","Taakaev","KH-21"
"KI","Gilbert Islands","KI-G"
"KI","Line Islands","KI-L"
"KM","Anjouan","KM-A"
"KM","Grande Comore","KM-G"
"KM","Moheli","KM-M"
"KN","Saint George Basseterre","KN-03"
"KN","Saint Paul Charlestown","KN-09"
"KP","Chagang-do","KP-04"
"KP","Hamgyong-bukto","KP-09"
"KP","Hamgyong-namdo","KP-08"
"KP","Hwanghae-bukto","KP-06"
"KP","Hwanghae-namdo","KP-05"
"KP","Kangwon-do","KP-07"
"KP","Nason (Najin-Sonbong)","KP-13"
"KP","P'yongan-bukto","KP-03"
"KP","P'yongan-namdo","KP-02"
"KP","P'yongyang","KP-01"
"KP","Yanggang-do","KP-10"
"KR","Busan","KR-26"
"KR","Chungbuk","KR-43"
"KR","Chungnam","KR-44"
"KR","Daegu","KR-27"
"KR","Daejeon","KR-30"
"KR","Gangwon","KR-42"
"KR","Gwangju","KR-29"
"KR","Gyeongbuk","KR-47"
"KR","Gyeonggi","KR-41"
"KR","Gyeongnam","KR-48"
"KR","Incheon","KR-28"
"KR","Jeju","KR-49"
"KR","Jeonbuk","KR-45"
"KR","Jeonnam","KR-46"
"KR","Seoul","KR-11"
"KR","Ulsan","KR-31"
"KW","Al Ahmadi","KW-AH"
"KW","Al Asimah","BH-13"
"KW","Al Farwaniyah","KW-FA"
"KW","Al Jahra","KW-JA"
"KW","Hawalli","KW-HA"
"KW","Mubarak al Kabir","KW-MU"
"KY","Cayman Islands","KY"
"KZ","Almaty","KZ-ALA"
"KZ","Almaty oblysy","KZ-ALM"
"KZ","Aqmola oblysy","KZ-AKM"
"KZ","Aqtobe oblysy","KZ-AKT"
"KZ","Astana","KZ-AST"
"KZ","Atyrau oblysy","KZ-ATY"
"KZ","Batys Qazaqstan oblysy","KZ-ZAP"
"KZ","Bayqonyr","KZ-ZAP"
"KZ","Mangghystau oblysy","KZ-MAN"
"KZ","Ongtustik Qazaqstan oblysy","KZ-YUZ"
"KZ","Pavlodar oblysy","KZ-PAV"
"KZ","Qaraghandy oblysy","KZ-KAR"
"KZ","Qostanay oblysy","KZ-KUS"
"KZ","Qyzylorda oblysy","KZ-KZY"
"KZ","Shyghys Qazaqstan oblysy","KZ-VOS"
"KZ","Soltustik Qazaqstan oblysy","KZ-SEV"
"KZ","Zhambyl oblysy","KZ-ZHA"
"LA","Attapu","LA-AT"
"LA","Bokeo","LA-BK"
"LA","Bolikhamxai","LA-BL"
"LA","Champasak","LA-CH"
"LA","Houaphan","LA-HO"
"LA","Khammouan","LA-KH"
"LA","Louang Namtha","LA-LM"
"LA","Louangphabang","LA-LP"
"LA","Oudomxai","LA-OU"
"LA","Phongsali","LA-PH"
"LA","Salavan","LA-SL"
"LA","Savannakhet","LA-SV"
"LA","Vientiane","LA-VI"
"LA","Xaignabouli","LA-XA"
"LA","Xekong","LA-XE"
"LA","Xiangkhouang","LA-XI"
"LB","Aakkar","LB-AK"
"LB","Baalbek-Hermel","LB-BH"
"LB","Beqaa","LB-BI"
"LB","Beyrouth","LB-BA"
"LB","Liban-Nord","LB-AS"
"LB","Liban-Sud","LB-JA"
"LB","Mont-Liban","LB-JL"
"LB","Nabatiye","LB-NA"
"LC","Anse la Raye","LC-01"
"LC","Castries","LC-02"
"LC","Dennery","LC-05"
"LC","Gros Islet","LC-06"
"LC","Laborie","LC-07"
"LC","Micoud","LC-08"
"LC","Soufriere","LC-10"
"LC","Vieux Fort","LC-11"
"LI","Balzers","LI-01"
"LI","Eschen","LI-02"
"LI","Gamprin","LI-03"
"LI","Mauren","LI-04"
"LI","Planken","LI-05"
"LI","Ruggell","LI-06"
"LI","Schaan","LI-07"
"LI","Schellenberg","LI-08"
"LI","Triesen","LI-09"
"LI","Triesenberg","LI-10"
"LI","Vaduz","LI-11"
"LK","Central Province","LK-2"
"LK","Eastern Province","LK-5"
"LK","North Central Province","LK-7"
"LK","North Western Province","LK-6"
"LK","Northern Province","LK-4"
"LK","Sabaragamuwa Province","LK-9"
"LK","Southern Province","LK-3"
"LK","Uva Province","LK-8"
"LK","Western Province","LK-1"
"LR","Bomi","LR-BM"
"LR","Bong","LR-BG"
"LR","Gbarpolu","LR-GP"
"LR","Grand Bassa","LR-GB"
"LR","Grand Cape Mount","LR-CM"
"LR","Grand Gedeh","LR-GG"
"LR","Grand Kru","LR-GK"
"LR","Lofa","LR-LO"
"LR","Margibi","LR-MG"
"LR","Maryland","LR-MY"
"LR","Montserrado","LR-MO"
"LR","Nimba","LR-NI"
"LR","River Cess","LR-RI"
"LR","River Gee","LR-RG"
"LR","Sinoe","LR-SI"
"LS","Berea","LS-D"
"LS","Butha-Buthe","LS-B"
"LS","Leribe","LS-C"
"LS","Mafeteng","LS-E"
"LS","Maseru","LS-A"
"LS","Mohale's Hoek","LS-F"
"LS","Mokhotlong","LS-J"
"LS","Qacha's Nek","LS-H"
"LS","Quthing","LS-G"
"LS","Thaba-Tseka","LS-K"
"LT","Alytaus Apskritis","LT-AL"
"LT","Kauno Apskritis","LT-KU"
"LT","Klaipedos Apskritis","LT-KL"
"LT","Marijampoles Apskritis","LT-MR"
"LT","Panevezio Apskritis","LT-PN"
"LT","Siauliu Apskritis","LT-SA"
"LT","Taurages Apskritis","LT-TA"
"LT","Telsiu Apskritis","LT-TE"
"LT","Utenos Apskritis","LT-UT"
"LT","Vilniaus Apskritis","LT-VL"
"LU","Diekirch","LU-D"
"LU","Grevenmacher","LU-G"
"LU","Luxembourg","BE-WLX"
"LV","Adazu","LV-011"
"LV","Aglonas","LV-001"
"LV","Aizkraukles","LV-002"
"LV","Aizputes","LV-003"
"LV","Alojas","LV-005"
"LV","Aluksnes","LV-007"
"LV","Babites","LV-012"
"LV","Baltinavas","LV-014"
"LV","Balvu","LV-015"
"LV","Bauskas","LV-016"
"LV","Beverinas","LV-017"
"LV","Brocenu","LV-018"
"LV","Carnikavas","LV-020"
"LV","Cesu","LV-022"
"LV","Cesvaines","LV-021"
"LV","Ciblas","LV-023"
"LV","Daugavpils","LV-025"
"LV","Dobeles","LV-026"
"LV","Dundagas","LV-027"
"LV","Gulbenes","LV-033"
"LV","Iecavas","LV-034"
"LV","Incukalna","LV-037"
"LV","Jaunjelgavas","LV-038"
"LV","Jaunpiebalgas","LV-039"
"LV","Jaunpils","LV-040"
"LV","Jekabpils","LV-042"
"LV","Jelgava","LV-JEL"
"LV","Jelgavas","LV-041"
"LV","Jurmala","LV-JUR"
"LV","Kekavas","LV-052"
"LV","Kokneses","LV-046"
"LV","Kraslavas","LV-047"
"LV","Kuldigas","LV-050"
"LV","Liepaja","LV-LPX"
"LV","Liepajas","LV-LE"
"LV","Limbazu","LV-LM"
"LV","Lubanas","LV-057"
"LV","Ludzas","LV-058"
"LV","Madonas","LV-059"
"LV","Malpils","LV-061"
"LV","Ogres","LV-067"
"LV","Olaines","LV-068"
"LV","Ozolnieku","LV-069"
"LV","Preilu","LV-073"
"LV","Rezeknes","LV-077"
"LV","Riga","LV-RIX"
"LV","Rigas","LV-RI"
"LV","Rojas","LV-079"
"LV","Ropazu","LV-080"
"LV","Rugaju","LV-082"
"LV","Rundales","LV-083"
"LV","Salacgrivas","LV-086"
"LV","Saldus","LV-088"
"LV","Sejas","LV-090"
"LV","Siguldas","LV-091"
"LV","Skrundas","LV-093"
"LV","Stopinu","LV-095"
"LV","Strencu","LV-096"
"LV","Talsu","LV-097"
"LV","Tukuma","LV-099"
"LV","Vainodes","LV-100"
"LV","Valkas","LV-101"
"LV","Valmieras","LV-VM"
"LV","Varkavas","LV-103"
"LV","Vecumnieku","LV-105"
"LV","Ventspils","LV-106"
"LY","Al Butnan","LY-BU"
"LY","Al Jabal al Akhdar","LY-JA"
"LY","Al Jabal al Gharbi","LY-JG"
"LY","Al Jafarah","LY-JI"
"LY","Al Jufrah","LY-JU"
"LY","Al Kufrah","LY-KF"
"LY","Al Marj","LY-MJ"
"LY","Al Marqab","LY-MB"
"LY","Al Wahat","LY-WA"
"LY","An Nuqat al Khams","LY-NQ"
"LY","Az Zawiyah","LY-ZA"
"LY","Banghazi","LY-BA"
"LY","Darnah","LY-DR"
"LY","Ghat","LY-GT"
"LY","Misratah","LY-MI"
"LY","Murzuq","LY-MQ"
"LY","Nalut","LY-NL"
"LY","Sabha","LY-SB"
"LY","Surt","LY-SR"
"LY","Tarabulus","LY-TB"
"LY","Wadi al Hayat","LY-WD"
"LY","Wadi ash Shati'","LY-WS"
"MA","Chaouia-Ouardigha","MA-09"
"MA","Doukhala-Abda","MA-10"
"MA","Fes-Boulemane","MA-05"
"MA","Gharb-Chrarda-Beni Hssen","MA-02"
"MA","Grand Casablanca","MA-08"
"MA","Guelmim-Es Semara","MA-14"
"MA","L'Oriental","MA-04"
"MA","Marrakech-Tensift-Al Haouz","MA-11"
"MA","Meknes-Tafilalet","MA-06"
"MA","Rabat-Sale-Zemmour-Zaer","MA-07"
"MA","Souss-Massa-Draa","MA-13"
"MA","Tadla-Azilal","MA-12"
"MA","Tanger-Tetouan","MA-01"
"MA","Taza-Al Hoceima-Taounate","MA-03"
"MC","Monaco","MC-MO"
"MD","Anenii Noi","MD-AN"
"MD","Balti","MD-BA"
"MD","Basarabeasca","MD-BS"
"MD","Bender","MD-TI"
"MD","Briceni","MD-BR"
"MD","Cahul","MD-CA"
"MD","Calarasi","MD-CL"
"MD","Cantemir","MD-CT"
"MD","Causeni","MD-CS"
"MD","Chisinau","MD-CU"
"MD","Cimislia","MD-CM"
"MD","Criuleni","MD-CR"
"MD","Donduseni","MD-DO"
"MD","Drochia","MD-DR"
"MD","Dubasari","MD-DU"
"MD","Edinet","MD-ED"
"MD","Falesti","MD-FA"
"MD","Floresti","MD-FL"
"MD","Gagauzia, Unitatea teritoriala autonoma","MD-GA"
"MD","Glodeni","MD-GL"
"MD","Hincesti","MD-HI"
"MD","Ialoveni","MD-IA"
"MD","Leova","MD-LE"
"MD","Nisporeni","MD-NI"
"MD","Ocnita","MD-OC"
"MD","Orhei","MD-OR"
"MD","Rezina","MD-RE"
"MD","Riscani","MD-RI"
"MD","Singerei","MD-SI"
"MD","Soldanesti","MD-SD"
"MD","Soroca","MD-SO"
"MD","Stefan Voda","MD-SV"
"MD","Stinga Nistrului, unitatea teritoriala din","MD-SN"
"MD","Straseni","MD-ST"
"MD","Taraclia","MD-TA"
"MD","Telenesti","MD-TE"
"MD","Ungheni","MD-UN"
"ME","Bar","ME-02"
"ME","Budva","ME-05"
"ME","Cetinje","ME-06"
"ME","Danilovgrad","ME-07"
"ME","Herceg-Novi","ME-08"
"ME","Kolasin","ME-09"
"ME","Kotor","ME-10"
"ME","Mojkovac","ME-11"
"ME","Niksic","ME-12"
"ME","Podgorica","ME-16"
"ME","Tivat","ME-19"
"ME","Ulcinj","ME-20"
"ME","Zabljak","ME-21"
"MF","Saint Martin","-"
"MG","Antananarivo","MG-T"
"MG","Antsiranana","MG-D"
"MG","Fianarantsoa","MG-F"
"MG","Mahajanga","MG-M"
"MG","Toamasina","MG-A"
"MG","Toliara","MG-U"
"MH","Ailinglaplap Atoll","MH-ALL"
"MH","Ailuk Atoll","MH-ALK"
"MH","Arno Atoll","MH-ARN"
"MH","Aur Atoll","MH-AUR"
"MH","Ebon Atoll","MH-EBO"
"MH","Enewetak Atoll","MH-ENI"
"MH","Jabat Island","MH-JAB"
"MH","Jaluit Atoll","MH-JAL"
"MH","Kili Island","MH-KIL"
"MH","Kwajalein Atoll","MH-KWA"
"MH","Lae Atoll","MH-LAE"
"MH","Lib Island","MH-LIB"
"MH","Likiep Atoll","MH-LIK"
"MH","Majuro Atoll","MH-MAJ"
"MH","Maloelap Atoll","MH-MAL"
"MH","Mejit Island","MH-MEJ"
"MH","Mili Atoll","MH-MIL"
"MH","Namdrik Atoll","MH-NMK"
"MH","Namu Atoll","MH-NMU"
"MH","Rongelap Atoll","MH-RON"
"MH","Ujae Atoll","MH-UJA"
"MH","Utrik Atoll","MH-UTI"
"MH","Wotho Atoll","MH-WTH"
"MH","Wotje Atoll","MH-WTJ"
"MK","Aracinovo","MK-02"
"MK","Berovo","MK-03"
"MK","Bitola","MK-04"
"MK","Bogdanci","MK-05"
"MK","Bogovinje","MK-06"
"MK","Bosilovo","MK-07"
"MK","Brvenica","MK-08"
"MK","Caska","MK-80"
"MK","Centar Zupa","MK-78"
"MK","Cesinovo-Oblesevo","MK-81"
"MK","Cucer Sandevo","MK-82"
"MK","Debar","MK-21"
"MK","Debarca","MK-22"
"MK","Delcevo","MK-23"
"MK","Demir Hisar","MK-25"
"MK","Demir Kapija","MK-24"
"MK","Dojran","MK-26"
"MK","Dolneni","MK-27"
"MK","Gevgelija","MK-18"
"MK","Gostivar","MK-19"
"MK","Gradsko","MK-20"
"MK","Ilinden","MK-34"
"MK","Jegunovce","MK-35"
"MK","Karbinci","MK-37"
"MK","Kavadarci","MK-36"
"MK","Kicevo","MK-40"
"MK","Kocani","MK-42"
"MK","Konce","MK-41"
"MK","Kondovo","-"
"MK","Kratovo","MK-43"
"MK","Kriva Palanka","MK-44"
"MK","Krivogastani","MK-45"
"MK","Krusevo","MK-46"
"MK","Kumanovo","MK-47"
"MK","Lipkovo","MK-48"
"MK","Lozovo","MK-49"
"MK","Makedonska Kamenica","MK-51"
"MK","Makedonski Brod","MK-52"
"MK","Mavrovo i Rostusa","MK-50"
"MK","Mogila","MK-53"
"MK","Negotino","MK-54"
"MK","Novaci","MK-55"
"MK","Novo Selo","MK-56"
"MK","Ohrid","MK-58"
"MK","Pehcevo","MK-60"
"MK","Petrovec","MK-59"
"MK","Plasnica","MK-61"
"MK","Prilep","MK-62"
"MK","Probistip","MK-63"
"MK","Radovis","MK-64"
"MK","Rankovce","MK-65"
"MK","Resen","MK-66"
"MK","Rosoman","MK-67"
"MK","Skopje","MK-85"
"MK","Sopiste","MK-70"
"MK","Staro Nagoricane","MK-71"
"MK","Stip","MK-83"
"MK","Struga","MK-72"
"MK","Strumica","MK-73"
"MK","Studenicani","MK-74"
"MK","Sveti Nikole","MK-69"
"MK","Tearce","MK-75"
"MK","Tetovo","MK-76"
"MK","Valandovo","MK-10"
"MK","Vasilevo","MK-11"
"MK","Veles","MK-13"
"MK","Vevcani","MK-12"
"MK","Vinica","MK-14"
"MK","Vrapciste","MK-16"
"MK","Zelenikovo","MK-32"
"MK","Zelino","MK-30"
"MK","Zrnovci","MK-33"
"ML","Bamako","ML-BKO"
"ML","Gao","ML-7"
"ML","Kayes","ML-1"
"ML","Kidal","ML-8"
"ML","Koulikoro","ML-2"
"ML","Mopti","ML-5"
"ML","Segou","ML-4"
"ML","Sikasso","ML-3"
"ML","Tombouctou","ML-6"
"MM","Ayeyawady","MM-07"
"MM","Bago","MM-02"
"MM","Chin","MM-14"
"MM","Kachin","MM-11"
"MM","Kayah","MM-12"
"MM","Kayin","MM-13"
"MM","Magway","MM-03"
"MM","Mandalay","MM-04"
"MM","Mon","MM-15"
"MM","Nay Pyi Taw","MM-18"
"MM","Rakhine","MM-16"
"MM","Sagaing","MM-01"
"MM","Shan","MM-17"
"MM","Taninthayi","MM-05"
"MM","Yangon","MM-06"
"MN","Arhangay","MN-073"
"MN","Bayan-Olgiy","MN-071"
"MN","Bayanhongor","MN-069"
"MN","Bulgan","MN-067"
"MN","Darhan uul","MN-037"
"MN","Dornod","MN-061"
"MN","Dornogovi","MN-063"
"MN","Dundgovi","MN-059"
"MN","Dzavhan","MN-057"
"MN","Govi-Altay","MN-065"
"MN","Govi-Sumber","MN-064"
"MN","Hentiy","MN-039"
"MN","Hovd","MN-043"
"MN","Hovsgol","MN-041"
"MN","Omnogovi","MN-053"
"MN","Orhon","MN-035"
"MN","Ovorhangay","MN-055"
"MN","Selenge","MN-049"
"MN","Suhbaatar","MN-051"
"MN","Tov","MN-047"
"MN","Ulaanbaatar","MN-1"
"MN","Uvs","MN-046"
"MO","Macau","-"
"MP","Northern Mariana Islands","MP"
"MQ","Martinique","MQ"
"MR","Adrar","DZ-01"
"MR","Assaba","MR-03"
"MR","Brakna","MR-05"
"MR","Dakhlet Nouadhibou","MR-08"
"MR","Gorgol","MR-04"
"MR","Guidimaka","MR-10"
"MR","Hodh Ech Chargui","MR-01"
"MR","Hodh El Gharbi","MR-02"
"MR","Inchiri","MR-12"
"MR","Nouakchott","MR-NKC"
"MR","Tagant","MR-09"
"MR","Tiris Zemmour","MR-11"
"MR","Trarza","MR-06"
"MS","Saint Anthony","-"
"MS","Saint Peter","-"
"MT","Malta","MT"
"MU","Black River","MU-BL"
"MU","Flacq","MU-FL"
"MU","Grand Port","MU-GP"
"MU","Moka","MU-MO"
"MU","Pamplemousses","MU-PA"
"MU","Plaines Wilhems","MU-PW"
"MU","Port Louis","MU-PL"
"MU","Riviere du Rempart","MU-RR"
"MU","Savanne","MU-SA"
"MV","Alifu","MV-02"
"MV","Baa","MV-20"
"MV","Dhaalu","MV-17"
"MV","Gaafu Dhaalu","MV-28"
"MV","Haa Alifu","MV-07"
"MV","Haa Dhaalu","MV-23"
"MV","Kaafu","MV-26"
"MV","Laamu","MV-05"
"MV","Maale","MV-MLE"
"MV","Meemu","MV-12"
"MV","Noonu","MV-25"
"MV","Raa","MV-13"
"MV","Seenu","MV-01"
"MV","Shaviyani","MV-24"
"MV","Thaa","MV-08"
"MW","Balaka","MW-BA"
"MW","Blantyre","MW-BL"
"MW","Chikwawa","MW-CK"
"MW","Chiradzulu","MW-CR"
"MW","Chitipa","MW-CT"
"MW","Dedza","MW-DE"
"MW","Dowa","MW-DO"
"MW","Karonga","MW-KR"
"MW","Kasungu","MW-KS"
"MW","Likoma","MW-LK"
"MW","Lilongwe","MW-LI"
"MW","Machinga","MW-MH"
"MW","Mangochi","MW-MG"
"MW","Mchinji","MW-MC"
"MW","Mulanje","MW-MU"
"MW","Mwanza","MW-MW"
"MW","Mzimba","MW-MZ"
"MW","Neno","MW-NE"
"MW","Nkhata Bay","MW-NB"
"MW","Nkhotakota","MW-NK"
"MW","Nsanje","MW-NS"
"MW","Ntcheu","MW-NU"
"MW","Ntchisi","MW-NI"
"MW","Phalombe","MW-PH"
"MW","Rumphi","MW-RU"
"MW","Salima","MW-SA"
"MW","Thyolo","MW-TH"
"MW","Zomba","MW-ZO"
"MX","Aguascalientes","MX-AGU"
"MX","Baja California","MX-BCN"
"MX","Baja California Sur","MX-BCS"
"MX","Campeche","MX-CAM"
"MX","Chiapas","MX-CHP"
"MX","Chihuahua","MX-CHH"
"MX","Coahuila","MX-COA"
"MX","Colima","MX-COL"
"MX","Distrito Federal","BR-DF"
"MX","Durango","MX-DUR"
"MX","Guanajuato","MX-GUA"
"MX","Guerrero","MX-GRO"
"MX","Hidalgo","MX-HID"
"MX","Jalisco","MX-JAL"
"MX","Mexico","MX-MEX"
"MX","Michoacan","MX-MIC"
"MX","Morelos","MX-MOR"
"MX","Nayarit","MX-NAY"
"MX","Nuevo Leon","MX-NLE"
"MX","Oaxaca","MX-OAX"
"MX","Puebla","MX-PUE"
"MX","Queretaro","MX-QUE"
"MX","Quintana Roo","MX-ROO"
"MX","San Luis Potosi","MX-SLP"
"MX","Sinaloa","MX-SIN"
"MX","Sonora","MX-SON"
"MX","Tabasco","MX-TAB"
"MX","Tamaulipas","MX-TAM"
"MX","Tlaxcala","MX-TLA"
"MX","Veracruz","MX-VER"
"MX","Yucatan","MX-YUC"
"MX","Zacatecas","MX-ZAC"
"MY","Johor","MY-01"
"MY","Kedah","MY-02"
"MY","Kelantan","MY-03"
"MY","Melaka","MY-04"
"MY","Negeri Sembilan","MY-05"
"MY","Pahang","MY-06"
"MY","Perak","MY-08"
"MY","Perlis","MY-09"
"MY","Pulau Pinang","MY-07"
"MY","Sabah","MY-12"
"MY","Sarawak","MY-13"
"MY","Selangor","MY-10"
"MY","Terengganu","MY-11"
"MY","Wilayah Persekutuan Kuala Lumpur","MY-14"
"MY","Wilayah Persekutuan Labuan","MY-15"
"MY","Wilayah Persekutuan Putrajaya","MY-16"
"MZ","Cabo Delgado","MZ-P"
"MZ","Gaza","MZ-G"
"MZ","Inhambane","MZ-I"
"MZ","Manica","MZ-B"
"MZ","Maputo","MZ-L"
"MZ","Nampula","MZ-N"
"MZ","Niassa","MZ-A"
"MZ","Sofala","MZ-S"
"MZ","Tete","MZ-T"
"MZ","Zambezia","MZ-Q"
"NA","Erongo","NA-ER"
"NA","Hardap","NA-HA"
"NA","Karas","NA-KA"
"NA","Khomas","NA-KH"
"NA","Kunene","NA-KU"
"NA","Ohangwena","NA-OW"
"NA","Okavango","-"
"NA","Omaheke","NA-OH"
"NA","Omusati","NA-OS"
"NA","Oshana","NA-ON"
"NA","Oshikoto","NA-OT"
"NA","Otjozondjupa","NA-OD"
"NA","Zambezi","NA-CA"
"NC","Province Nord","-"
"NC","Province Sud","-"
"NC","Province des iles Loyaute","-"
"NE","Agadez","NE-1"
"NE","Diffa","NE-2"
"NE","Dosso","NE-3"
"NE","Maradi","NE-4"
"NE","Niamey","NE-8"
"NE","Tahoua","NE-5"
"NE","Tillaberi","NE-6"
"NE","Zinder","NE-7"
"NF","Norfolk Island","NF"
"NG","Abia","NG-AB"
"NG","Abuja Federal Capital Territory","NG-FC"
"NG","Adamawa","NG-AD"
"NG","Akwa Ibom","NG-AK"
"NG","Anambra","NG-AN"
"NG","Bauchi","NG-BA"
"NG","Bayelsa","NG-BY"
"NG","Benue","NG-BE"
"NG","Borno","NG-BO"
"NG","Cross River","NG-CR"
"NG","Delta","NG-DE"
"NG","Ebonyi","NG-EB"
"NG","Edo","NG-ED"
"NG","Ekiti","NG-EK"
"NG","Enugu","NG-EN"
"NG","Gombe","NG-GO"
"NG","Imo","NG-IM"
"NG","Jigawa","NG-JI"
"NG","Kaduna","NG-KD"
"NG","Kano","NG-KN"
"NG","Katsina","NG-KT"
"NG","Kebbi","NG-KE"
"NG","Kogi","NG-KO"
"NG","Kwara","NG-KW"
"NG","Lagos","NG-LA"
"NG","Nasarawa","NG-NA"
"NG","Niger","NG-NI"
"NG","Ogun","NG-OG"
"NG","Ondo","NG-ON"
"NG","Osun","NG-OS"
"NG","Oyo","NG-OY"
"NG","Plateau","BJ-PL"
"NG","Rivers","NG-RI"
"NG","Sokoto","NG-SO"
"NG","Taraba","NG-TA"
"NG","Yobe","NG-YO"
"NG","Zamfara","NG-ZA"
"NI","Atlantico Norte","NI-AN"
"NI","Atlantico Sur","NI-AS"
"NI","Boaco","NI-BO"
"NI","Carazo","NI-CA"
"NI","Chinandega","NI-CI"
"NI","Chontales","NI-CO"
"NI","Esteli","NI-ES"
"NI","Granada","NI-GR"
"NI","Jinotega","NI-JI"
"NI","Leon","NI-LE"
"NI","Madriz","NI-MD"
"NI","Managua","NI-MN"
"NI","Masaya","NI-MS"
"NI","Matagalpa","NI-MT"
"NI","Nueva Segovia","NI-NS"
"NI","Rio San Juan","NI-SJ"
"NI","Rivas","NI-RI"
"NL","Drenthe","NL-DR"
"NL","Flevoland","NL-FL"
"NL","Fryslan","NL-FR"
"NL","Gelderland","NL-GE"
"NL","Groningen","NL-GR"
"NL","Limburg","BG-VLI"
"NL","Noord-Brabant","NL-NB"
"NL","Noord-Holland","NL-NH"
"NL","Overijssel","NL-OV"
"NL","Utrecht","NL-UT"
"NL","Zeeland","NL-ZE"
"NL","Zuid-Holland","NL-ZH"
"NO","Akershus","NO-02"
"NO","Aust-Agder","NO-09"
"NO","Buskerud","NO-06"
"NO","Finnmark","NO-20"
"NO","Hedmark","NO-04"
"NO","Hordaland","NO-12"
"NO","More og Romsdal","NO-15"
"NO","Nord-Trondelag","NO-17"
"NO","Nordland","NO-18"
"NO","Oppland","NO-05"
"NO","Oslo","NO-03"
"NO","Ostfold","NO-01"
"NO","Rogaland","NO-11"
"NO","Sogn og Fjordane","NO-14"
"NO","Sor-Trondelag","NO-16"
"NO","Telemark","NO-08"
"NO","Troms","NO-19"
"NO","Vest-Agder","NO-10"
"NO","Vestfold","NO-07"
"NP","Bagmati","NP-BA"
"NP","Bheri","NP-BH"
"NP","Dhawalagiri","NP-DH"
"NP","Gandaki","NP-GA"
"NP","Janakpur","NP-JA"
"NP","Karnali","NP-KA"
"NP","Kosi","NP-KO"
"NP","Lumbini","NP-LU"
"NP","Mahakali","NP-MA"
"NP","Mechi","NP-ME"
"NP","Narayani","NP-NA"
"NP","Rapti","NP-RA"
"NP","Sagarmatha","NP-SA"
"NP","Seti","NP-SE"
"NR","Yaren","NR-14"
"NU","Niue","NU"
"NZ","Auckland","NZ-AUK"
"NZ","Bay of Plenty","NZ-BOP"
"NZ","Canterbury","NZ-CAN"
"NZ","Chatham Islands","NZ-CIT"
"NZ","Gisborne","NZ-GIS"
"NZ","Hawke's Bay","NZ-HKB"
"NZ","Manawatu-Wanganui","NZ-MWT"
"NZ","Marlborough","NZ-MBH"
"NZ","Nelson","NZ-NSN"
"NZ","Northland","NZ-NTL"
"NZ","Otago","NZ-OTA"
"NZ","Southland","NZ-STL"
"NZ","Taranaki","NZ-TKI"
"NZ","Tasman","NZ-TAS"
"NZ","Waikato","NZ-WKO"
"NZ","Wellington","NZ-WGN"
"NZ","West Coast","NZ-WTC"
"OM","Ad Dakhiliyah","OM-DA"
"OM","Al Buraymi","OM-BU"
"OM","Al Wusta","BH-16"
"OM","Az Zahirah","OM-ZA"
"OM","Janub al Batinah","OM-BS"
"OM","Janub ash Sharqiyah","OM-SS"
"OM","Masqat","OM-MA"
"OM","Musandam","OM-MU"
"OM","Shamal al Batinah","OM-BJ"
"OM","Shamal ash Sharqiyah","OM-SJ"
"OM","Zufar","OM-ZU"
"PA","Bocas del Toro","PA-1"
"PA","Chiriqui","PA-4"
"PA","Cocle","PA-2"
"PA","Colon","HN-CL"
"PA","Darien","PA-5"
"PA","Herrera","PA-6"
"PA","Los Santos","PA-7"
"PA","Panama","PA-8"
"PA","San Blas","PA-0"
"PA","Veraguas","PA-9"
"PE","Amazonas","BR-AM"
"PE","Ancash","PE-ANC"
"PE","Apurimac","PE-APU"
"PE","Arequipa","PE-ARE"
"PE","Ayacucho","PE-AYA"
"PE","Cajamarca","PE-CAJ"
"PE","Callao","PE-CAL"
"PE","Cusco","PE-CUS"
"PE","Huancavelica","PE-HUV"
"PE","Huanuco","PE-HUC"
"PE","Ica","PE-ICA"
"PE","Junin","PE-JUN"
"PE","La Libertad","PE-LAL"
"PE","Lambayeque","PE-LAM"
"PE","Lima","PE-LIM"
"PE","Loreto","PE-LOR"
"PE","Madre de Dios","PE-MDD"
"PE","Moquegua","PE-MOQ"
"PE","Pasco","PE-PAS"
"PE","Piura","PE-PIU"
"PE","Puno","PE-PUN"
"PE","San Martin","PE-SAM"
"PE","Tacna","PE-TAC"
"PE","Tumbes","PE-TUM"
"PE","Ucayali","PE-UCA"
"PF","Iles Australes","-"
"PF","Iles Marquises","-"
"PF","Iles Sous-le-Vent","-"
"PF","Iles Tuamotu-Gambier","-"
"PF","Iles du Vent","-"
"PG","Bougainville","PG-NSB"
"PG","Chimbu","PG-CPK"
"PG","East New Britain","PG-EBR"
"PG","East Sepik","PG-ESW"
"PG","Eastern Highlands","PG-EHG"
"PG","Enga","PG-EPW"
"PG","Gulf","PG-GPK"
"PG","Madang","PG-MPM"
"PG","Manus","PG-MRL"
"PG","Milne Bay","PG-MBA"
"PG","Morobe","PG-MPL"
"PG","National Capital District","PG-NCD"
"PG","New Ireland","PG-NIK"
"PG","Northern","FJ-N"
"PG","Southern Highlands","PG-SHM"
"PG","West New Britain","PG-WBK"
"PG","West Sepik","PG-SAN"
"PG","Western","FJ-W"
"PG","Western Highlands","PG-WHM"
"PH","Abra","PH-ABR"
"PH","Agusan del Norte","PH-AGN"
"PH","Agusan del Sur","PH-AGS"
"PH","Aklan","PH-AKL"
"PH","Albay","PH-ALB"
"PH","Antique","PH-ANT"
"PH","Apayao","PH-APA"
"PH","Aurora","PH-AUR"
"PH","Basilan","PH-BAS"
"PH","Bataan","PH-BAN"
"PH","Batanes","PH-BTN"
"PH","Batangas","PH-BTG"
"PH","Benguet","PH-BEN"
"PH","Bohol","PH-BOH"
"PH","Bukidnon","PH-BUK"
"PH","Bulacan","PH-BUL"
"PH","Cagayan","PH-CAG"
"PH","Camarines Norte","PH-CAN"
"PH","Camarines Sur","PH-CAS"
"PH","Camiguin","PH-CAM"
"PH","Capiz","PH-CAP"
"PH","Catanduanes","PH-CAT"
"PH","Cavite","PH-CAV"
"PH","Cebu","PH-CEB"
"PH","Cotabato","PH-NCO"
"PH","Davao Oriental","PH-DAO"
"PH","Davao del Sur","PH-DAS"
"PH","Eastern Samar","PH-EAS"
"PH","Ifugao","PH-IFU"
"PH","Ilocos Norte","PH-ILN"
"PH","Ilocos Sur","PH-ILS"
"PH","Iloilo","PH-ILI"
"PH","Isabela","PH-ISA"
"PH","Kalinga","PH-KAL"
"PH","La Union","PH-LUN"
"PH","Laguna","PH-LAG"
"PH","Lanao del Norte","PH-LAN"
"PH","Lanao del Sur","PH-LAS"
"PH","Leyte","PH-LEY"
"PH","Maguindanao","PH-MAG"
"PH","Marinduque","PH-MAD"
"PH","Masbate","PH-MAS"
"PH","Mindoro Occidental","PH-MDC"
"PH","Mindoro Oriental","PH-MDR"
"PH","Misamis Occidental","PH-MSC"
"PH","Misamis Oriental","PH-MSR"
"PH","Mountain Province","PH-MOU"
"PH","National Capital Region","PH-00"
"PH","Negros Occidental","PH-NEC"
"PH","Negros Oriental","PH-NER"
"PH","Northern Samar","PH-NSA"
"PH","Nueva Ecija","PH-NUE"
"PH","Nueva Vizcaya","PH-NUV"
"PH","Palawan","PH-PLW"
"PH","Pampanga","PH-PAM"
"PH","Pangasinan","PH-PAN"
"PH","Quezon","PH-QUE"
"PH","Quirino","PH-QUI"
"PH","Rizal","PH-RIZ"
"PH","Romblon","PH-ROM"
"PH","Samar (Western Samar)","PH-WSA"
"PH","Siquijor","PH-SIG"
"PH","Sorsogon","PH-SOR"
"PH","South Cotabato","PH-SCO"
"PH","Southern Leyte","PH-SLE"
"PH","Sultan Kudarat","PH-SUK"
"PH","Sulu","PH-SLU"
"PH","Surigao del Norte","PH-SUN"
"PH","Surigao del Sur","PH-SUR"
"PH","Tarlac","PH-TAR"
"PH","Tawi-Tawi","PH-TAW"
"PH","Zambales","PH-ZMB"
"PH","Zamboanga del Norte","PH-ZAN"
"PH","Zamboanga del Sur","PH-ZAS"
"PK","Azad Kashmir","PK-JK"
"PK","Balochistan","PK-BA"
"PK","Federally Administered Tribal Areas","PK-TA"
"PK","Gilgit-Baltistan","PK-GB"
"PK","Islamabad","PK-IS"
"PK","Khyber Pakhtunkhwa","PK-KP"
"PK","Punjab","IN-PB"
"PK","Sindh","PK-SD"
"PL","Dolnoslaskie","PL-DS"
"PL","Kujawsko-Pomorskie","PL-KP"
"PL","Lodzkie","PL-LD"
"PL","Lubelskie","PL-LU"
"PL","Lubuskie","PL-LB"
"PL","Malopolskie","PL-MA"
"PL","Mazowieckie","PL-MZ"
"PL","Opolskie","PL-OP"
"PL","Podkarpackie","PL-PK"
"PL","Podlaskie","PL-PD"
"PL","Pomorskie","PL-PM"
"PL","Slaskie","PL-SL"
"PL","Swietokrzyskie","PL-SK"
"PL","Warminsko-Mazurskie","PL-WN"
"PL","Wielkopolskie","PL-WP"
"PL","Zachodniopomorskie","PL-ZP"
"PM","Saint Pierre and Miquelon","PM"
"PN","Pitcairn Islands","-"
"PR","Adjuntas","-"
"PR","Aguada","-"
"PR","Aguadilla","-"
"PR","Aguas Buenas","-"
"PR","Aibonito","-"
"PR","Anasco","-"
"PR","Arecibo","-"
"PR","Arroyo","-"
"PR","Barceloneta","-"
"PR","Barranquitas","-"
"PR","Bayamon","-"
"PR","Cabo Rojo","-"
"PR","Caguas","-"
"PR","Camuy","-"
"PR","Canovanas","-"
"PR","Carolina","-"
"PR","Catano","-"
"PR","Cayey","-"
"PR","Ceiba","-"
"PR","Ciales","-"
"PR","Cidra","-"
"PR","Coamo","-"
"PR","Comerio","-"
"PR","Corozal","-"
"PR","Culebra","-"
"PR","Dorado","-"
"PR","Fajardo","-"
"PR","Florida","-"
"PR","Guanica","-"
"PR","Guayama","-"
"PR","Guayanilla","-"
"PR","Guaynabo","-"
"PR","Gurabo","-"
"PR","Hatillo","-"
"PR","Hormigueros","-"
"PR","Humacao","-"
"PR","Isabela","-"
"PR","Juana Diaz","-"
"PR","Lajas","-"
"PR","Lares","-"
"PR","Las Marias","-"
"PR","Las Piedras","-"
"PR","Loiza","-"
"PR","Luquillo","-"
"PR","Manati","-"
"PR","Maricao","-"
"PR","Maunabo","-"
"PR","Mayaguez","-"
"PR","Moca","-"
"PR","Morovis","-"
"PR","Municipio de Jayuya","-"
"PR","Municipio de Juncos","-"
"PR","Naguabo","-"
"PR","Naranjito","-"
"PR","Patillas","-"
"PR","Penuelas","-"
"PR","Ponce","-"
"PR","Quebradillas","-"
"PR","Rincon","-"
"PR","Rio Grande","-"
"PR","Sabana Grande","-"
"PR","Salinas","-"
"PR","San German","-"
"PR","San Juan","-"
"PR","San Lorenzo","-"
"PR","San Sebastian","-"
"PR","Santa Isabel Municipio","-"
"PR","Toa Alta","-"
"PR","Toa Baja","-"
"PR","Trujillo Alto","-"
"PR","Utuado","-"
"PR","Vega Alta","-"
"PR","Vega Baja","-"
"PR","Vieques","-"
"PR","Villalba","-"
"PR","Yabucoa","-"
"PR","Yauco","-"
"PS","Gaza","-"
"PS","West Bank","-"
"PT","Aveiro","PT-01"
"PT","Beja","PT-02"
"PT","Braga","PT-03"
"PT","Braganca","PT-04"
"PT","Castelo Branco","PT-05"
"PT","Coimbra","PT-06"
"PT","Evora","PT-07"
"PT","Faro","PT-08"
"PT","Guarda","PT-09"
"PT","Leiria","PT-10"
"PT","Lisboa","PT-11"
"PT","Portalegre","PT-12"
"PT","Porto","PT-13"
"PT","Regiao Autonoma da Madeira","PT-30"
"PT","Regiao Autonoma dos Acores","PT-20"
"PT","Santarem","PT-14"
"PT","Setubal","PT-15"
"PT","Viana do Castelo","PT-16"
"PT","Vila Real","PT-17"
"PT","Viseu","PT-18"
"PW","Aimeliik","PW-002"
"PW","Airai","PW-004"
"PW","Angaur","PW-010"
"PW","Kayangel","PW-100"
"PW","Koror","PW-150"
"PW","Melekeok","PW-212"
"PW","Ngaraard","PW-214"
"PW","Ngarchelong","PW-218"
"PW","Ngardmau","PW-222"
"PW","Ngatpang","PW-224"
"PW","Ngiwal","PW-228"
"PW","Peleliu","PW-350"
"PY","Alto Paraguay","PY-16"
"PY","Alto Parana","PY-10"
"PY","Amambay","PY-13"
"PY","Asuncion","PY-ASU"
"PY","Boqueron","PY-19"
"PY","Caaguazu","PY-5"
"PY","Caazapa","PY-6"
"PY","Canindeyu","PY-14"
"PY","Central","BW-CE"
"PY","Concepcion","PY-1"
"PY","Cordillera","PY-3"
"PY","Guaira","PY-4"
"PY","Itapua","PY-7"
"PY","Misiones","AR-N"
"PY","Neembucu","PY-12"
"PY","Paraguari","PY-9"
"PY","Presidente Hayes","PY-15"
"PY","San Pedro","PY-2"
"QA","Ad Dawhah","QA-DA"
"QA","Al Khawr wa adh Dhakhirah","QA-KH"
"QA","Al Wakrah","QA-WA"
"QA","Ar Rayyan","QA-RA"
"QA","Ash Shamal","QA-MS"
"QA","Az Za'ayin","QA-ZA"
"QA","Umm Salal","QA-US"
"RE","Reunion","RE"
"RO","Alba","RO-AB"
"RO","Arad","RO-AR"
"RO","Arges","RO-AG"
"RO","Bacau","RO-BC"
"RO","Bihor","RO-BH"
"RO","Bistrita-Nasaud","RO-BN"
"RO","Botosani","RO-BT"
"RO","Braila","RO-BR"
"RO","Brasov","RO-BV"
"RO","Bucuresti","RO-B"
"RO","Buzau","RO-BZ"
"RO","Calarasi","MD-CL"
"RO","Caras-Severin","RO-CS"
"RO","Cluj","RO-CJ"
"RO","Constanta","RO-CT"
"RO","Covasna","RO-CV"
"RO","Dambovita","RO-DB"
"RO","Dolj","RO-DJ"
"RO","Galati","RO-GL"
"RO","Giurgiu","RO-GR"
"RO","Gorj","RO-GJ"
"RO","Harghita","RO-HR"
"RO","Hunedoara","RO-HD"
"RO","Ialomita","RO-IL"
"RO","Iasi","RO-IS"
"RO","Ilfov","RO-IF"
"RO","Maramures","RO-MM"
"RO","Mehedinti","RO-MH"
"RO","Mures","RO-MS"
"RO","Neamt","RO-NT"
"RO","Olt","RO-OT"
"RO","Prahova","RO-PH"
"RO","Salaj","RO-SJ"
"RO","Satu Mare","RO-SM"
"RO","Sibiu","RO-SB"
"RO","Suceava","RO-SV"
"RO","Teleorman","RO-TR"
"RO","Timis","RO-TM"
"RO","Tulcea","RO-TL"
"RO","Valcea","RO-VL"
"RO","Vaslui","RO-VS"
"RO","Vrancea","RO-VN"
"RS","Central Serbia","-"
"RS","Kosovo","-"
"RS","Vojvodina","-"
"RU","Adygeya, Respublika","RU-AD"
"RU","Altay, Respublika","RU-AL"
"RU","Altayskiy kray","RU-ALT"
"RU","Amurskaya oblast'","RU-AMU"
"RU","Arkhangel'skaya oblast'","RU-ARK"
"RU","Astrakhanskaya oblast'","RU-AST"
"RU","Bashkortostan, Respublika","RU-BA"
"RU","Belgorodskaya oblast'","RU-BEL"
"RU","Bryanskaya oblast'","RU-BRY"
"RU","Buryatiya, Respublika","RU-BU"
"RU","Chechenskaya Respublika","RU-CE"
"RU","Chelyabinskaya oblast'","RU-CHE"
"RU","Chukotskiy avtonomnyy okrug","RU-CHU"
"RU","Chuvashskaya Respublika","RU-CU"
"RU","Dagestan, Respublika","RU-DA"
"RU","Ingushetiya, Respublika","RU-IN"
"RU","Irkutskaya oblast'","RU-IRK"
"RU","Ivanovskaya oblast'","RU-IVA"
"RU","Kabardino-Balkarskaya Respublika","RU-KB"
"RU","Kaliningradskaya oblast'","RU-KGD"
"RU","Kalmykiya, Respublika","RU-KL"
"RU","Kaluzhskaya oblast'","RU-KLU"
"RU","Kamchatskiy kray","RU-KAM"
"RU","Karachayevo-Cherkesskaya Respublika","RU-KC"
"RU","Kareliya, Respublika","RU-KR"
"RU","Kemerovskaya oblast'","RU-KEM"
"RU","Khabarovskiy kray","RU-KHA"
"RU","Khakasiya, Respublika","RU-KK"
"RU","Khanty-Mansiyskiy avtonomnyy okrug-Yugra","RU-KHM"
"RU","Kirovskaya oblast'","RU-KIR"
"RU","Komi, Respublika","RU-KO"
"RU","Kostromskaya oblast'","RU-KOS"
"RU","Krasnodarskiy kray","RU-KDA"
"RU","Krasnoyarskiy kray","RU-KYA"
"RU","Kurganskaya oblast'","RU-KGN"
"RU","Kurskaya oblast'","RU-KRS"
"RU","Leningradskaya oblast'","RU-LEN"
"RU","Lipetskaya oblast'","RU-LIP"
"RU","Magadanskaya oblast'","RU-MAG"
"RU","Mariy El, Respublika","RU-ME"
"RU","Mordoviya, Respublika","RU-MO"
"RU","Moskovskaya oblast'","RU-MOS"
"RU","Moskva","RU-MOW"
"RU","Murmanskaya oblast'","RU-MUR"
"RU","Nenetskiy avtonomnyy okrug","RU-NEN"
"RU","Nizhegorodskaya oblast'","RU-NIZ"
"RU","Novgorodskaya oblast'","RU-NGR"
"RU","Novosibirskaya oblast'","RU-NVS"
"RU","Omskaya oblast'","RU-OMS"
"RU","Orenburgskaya oblast'","RU-ORE"
"RU","Orlovskaya oblast'","RU-ORL"
"RU","Penzenskaya oblast'","RU-PNZ"
"RU","Permskiy kray","RU-PER"
"RU","Primorskiy kray","RU-PRI"
"RU","Pskovskaya oblast'","RU-PSK"
"RU","Rostovskaya oblast'","RU-ROS"
"RU","Ryazanskaya oblast'","RU-RYA"
"RU","Sakha, Respublika","RU-SA"
"RU","Sakhalinskaya oblast'","RU-SAK"
"RU","Samarskaya oblast'","RU-SAM"
"RU","Sankt-Peterburg","RU-SPE"
"RU","Saratovskaya oblast'","RU-SAR"
"RU","Severnaya Osetiya-Alaniya, Respublika","RU-SE"
"RU","Smolenskaya oblast'","RU-SMO"
"RU","Stavropol'skiy kray","RU-STA"
"RU","Sverdlovskaya oblast'","RU-SVE"
"RU","Tambovskaya oblast'","RU-TAM"
"RU","Tatarstan, Respublika","RU-TA"
"RU","Tomskaya oblast'","RU-TOM"
"RU","Tul'skaya oblast'","RU-TUL"
"RU","Tverskaya oblast'","RU-TVE"
"RU","Tyumenskaya oblast'","RU-TYU"
"RU","Tyva, Respublika","RU-TY"
"RU","Udmurtskaya Respublika","RU-UD"
"RU","Ul'yanovskaya oblast'","RU-ULY"
"RU","Vladimirskaya oblast'","RU-VLA"
"RU","Volgogradskaya oblast'","RU-VGG"
"RU","Vologodskaya oblast'","RU-VLG"
"RU","Voronezhskaya oblast'","RU-VOR"
"RU","Yamalo-Nenetskiy avtonomnyy okrug","RU-YAN"
"RU","Yaroslavskaya oblast'","RU-YAR"
"RU","Yevreyskaya avtonomnaya oblast'","RU-YEV"
"RU","Zabaykal'skiy kray","RU-ZAB"
"RW","Est","CM-ES"
"RW","Nord","CM-NO"
"RW","Ouest","CM-OU"
"RW","Sud","CM-SU"
"RW","Ville de Kigali","RW-01"
"SA","'Asir","SA-14"
"SA","Al Bahah","SA-11"
"SA","Al Hudud ash Shamaliyah","SA-08"
"SA","Al Jawf","SA-12"
"SA","Al Madinah al Munawwarah","SA-03"
"SA","Al Qasim","SA-05"
"SA","Ar Riyad","SA-01"
"SA","Ash Sharqiyah","EG-SHR"
"SA","Ha'il","SA-06"
"SA","Jazan","SA-09"
"SA","Makkah al Mukarramah","SA-02"
"SA","Najran","SA-10"
"SA","Tabuk","SA-07"
"SB","Central","BW-CE"
"SB","Guadalcanal","SB-GU"
"SB","Isabel","SB-IS"
"SB","Makira","SB-MK"
"SB","Malaita","SB-ML"
"SB","Western","FJ-W"
"SC","English River","SC-16"
"SD","Blue Nile","SD-NB"
"SD","Gedaref","SD-GD"
"SD","Gezira","SD-GZ"
"SD","Kassala","SD-KA"
"SD","Khartoum","SD-KH"
"SD","North Darfur","SD-DN"
"SD","North Kordofan","SD-KN"
"SD","Northern","FJ-N"
"SD","Red Sea","SD-RS"
"SD","River Nile","SD-NR"
"SD","Sennar","SD-SI"
"SD","South Darfur","SD-DS"
"SD","South Kordofan","SD-KS"
"SD","West Darfur","SD-DW"
"SD","White Nile","SD-NW"
"SE","Blekinge Lan","SE-K"
"SE","Dalarnas Lan","SE-W"
"SE","Gavleborgs Lan","SE-X"
"SE","Gotlands Lan","SE-I"
"SE","Hallands Lan","SE-N"
"SE","Jamtlands Lan","SE-Z"
"SE","Jonkopings Lan","SE-F"
"SE","Kalmar Lan","SE-H"
"SE","Kronobergs Lan","SE-G"
"SE","Norrbottens Lan","SE-BD"
"SE","Orebro Lan","SE-T"
"SE","Ostergotlands Lan","SE-E"
"SE","Skane Lan","SE-M"
"SE","Sodermanlands Lan","SE-D"
"SE","Stockholms Lan","SE-AB"
"SE","Uppsala Lan","SE-C"
"SE","Varmlands Lan","SE-S"
"SE","Vasterbottens Lan","SE-AC"
"SE","Vasternorrlands Lan","SE-Y"
"SE","Vastmanlands Lan","SE-U"
"SE","Vastra Gotaland","SE-O"
"SG","Singapore","SG-01"
"SH","Ascension","SH-AC"
"SH","Saint Helena","SH-HL"
"SH","Tristan da Cunha","SH-TA"
"SI","Ajdovscina","SI-001"
"SI","Bled","SI-003"
"SI","Bohinj","SI-004"
"SI","Borovnica","SI-005"
"SI","Bovec","SI-006"
"SI","Brezice","SI-009"
"SI","Brezovica","SI-008"
"SI","Celje","SI-011"
"SI","Cerknica","SI-013"
"SI","Cerkno","SI-014"
"SI","Crensovci","SI-015"
"SI","Crnomelj","SI-017"
"SI","Destrnik","SI-018"
"SI","Divaca","SI-019"
"SI","Domzale","SI-023"
"SI","Dravograd","SI-025"
"SI","Gornja Radgona","SI-029"
"SI","Grosuplje","SI-032"
"SI","Hoce-Slivnica","SI-160"
"SI","Horjul","SI-162"
"SI","Hrastnik","SI-034"
"SI","Idrija","SI-036"
"SI","Ig","SI-037"
"SI","Ilirska Bistrica","SI-038"
"SI","Ivancna Gorica","SI-039"
"SI","Izola-Isola","SI-040"
"SI","Jesenice","SI-041"
"SI","Kamnik","SI-043"
"SI","Kanal","SI-044"
"SI","Kidricevo","SI-045"
"SI","Kobarid","SI-046"
"SI","Kocevje","SI-048"
"SI","Koper-Capodistria","SI-050"
"SI","Kranj","SI-052"
"SI","Kranjska Gora","SI-053"
"SI","Krsko","SI-054"
"SI","Lasko","SI-057"
"SI","Lenart","SI-058"
"SI","Lendava","SI-059"
"SI","Litija","SI-060"
"SI","Ljubljana","SI-061"
"SI","Ljutomer","SI-063"
"SI","Log-Dragomer","SI-208"
"SI","Logatec","SI-064"
"SI","Lovrenc na Pohorju","SI-167"
"SI","Maribor","SI-070"
"SI","Medvode","SI-071"
"SI","Menges","SI-072"
"SI","Metlika","SI-073"
"SI","Mezica","SI-074"
"SI","Miklavz na Dravskem Polju","SI-169"
"SI","Miren-Kostanjevica","SI-075"
"SI","Mislinja","SI-076"
"SI","Mozirje","SI-079"
"SI","Murska Sobota","SI-080"
"SI","Muta","SI-081"
"SI","Nova Gorica","SI-084"
"SI","Novo Mesto","SI-085"
"SI","Odranci","SI-086"
"SI","Oplotnica","SI-171"
"SI","Ormoz","SI-087"
"SI","Piran","SI-090"
"SI","Pivka","SI-091"
"SI","Poljcane","SI-200"
"SI","Polzela","SI-173"
"SI","Postojna","SI-094"
"SI","Prebold","SI-174"
"SI","Prevalje","SI-175"
"SI","Ptuj","SI-096"
"SI","Racam","SI-098"
"SI","Radece","SI-099"
"SI","Radenci","SI-100"
"SI","Radlje ob Dravi","SI-101"
"SI","Radovljica","SI-102"
"SI","Ravne na Koroskem","SI-103"
"SI","Ribnica","SI-104"
"SI","Rogaska Slatina","SI-106"
"SI","Ruse","BG-18"
"SI","Sempeter-Vrtojba","SI-183"
"SI","Sencur","SI-117"
"SI","Sentilj","SI-118"
"SI","Sentjur pri Celju","SI-120"
"SI","Sevnica","SI-110"
"SI","Sezana","SI-111"
"SI","Skofja Loka","SI-122"
"SI","Skofljica","SI-123"
"SI","Slovenj Gradec","SI-112"
"SI","Slovenska Bistrica","SI-113"
"SI","Slovenske Konjice","SI-114"
"SI","Sostanj","SI-126"
"SI","Store","SI-127"
"SI","Straza","SI-203"
"SI","Tolmin","SI-128"
"SI","Trbovlje","SI-129"
"SI","Trebnje","SI-130"
"SI","Trzic","SI-131"
"SI","Trzin","SI-186"
"SI","Turnisce","SI-132"
"SI","Velenje","SI-133"
"SI","Vipava","SI-136"
"SI","Vodice","SI-138"
"SI","Vojnik","SI-139"
"SI","Vrhnika","SI-140"
"SI","Vuzenica","SI-141"
"SI","Zagorje ob Savi","SI-142"
"SI","Zalec","SI-190"
"SI","Zelezniki","SI-146"
"SI","Ziri","SI-147"
"SI","Zrece","SI-144"
"SI","Zuzemberk","SI-193"
"SJ","Svalbard and Jan Mayen","SJ"
"SK","Banskobystricky kraj","SK-BC"
"SK","Bratislavsky kraj","SK-BL"
"SK","Kosicky kraj","SK-KI"
"SK","Nitriansky kraj","SK-NI"
"SK","Presovsky kraj","SK-PV"
"SK","Trenciansky kraj","SK-TC"
"SK","Trnavsky kraj","SK-TA"
"SK","Zilinsky kraj","SK-ZI"
"SL","Eastern","GH-EP"
"SL","Northern","FJ-N"
"SL","Southern","BW-SO"
"SL","Western Area","SL-W"
"SM","Acquaviva","SM-01"
"SM","Chiesanuova","SM-02"
"SM","San Marino","SM-07"
"SM","Serravalle","SM-09"
"SN","Dakar","SN-DK"
"SN","Diourbel","SN-DB"
"SN","Fatick","SN-FK"
"SN","Kaffrine","SN-KA"
"SN","Kaolack","SN-KL"
"SN","Kedougou","SN-KE"
"SN","Kolda","SN-KD"
"SN","Louga","SN-LG"
"SN","Matam","SN-MT"
"SN","Saint-Louis","SN-SL"
"SN","Sedhiou","SN-SE"
"SN","Tambacounda","SN-TC"
"SN","Thies","SN-TH"
"SN","Ziguinchor","SN-ZG"
"SO","Awdal","SO-AW"
"SO","Bakool","SO-BK"
"SO","Banaadir","SO-BN"
"SO","Bari","SO-BR"
"SO","Bay","SO-BY"
"SO","Galguduud","SO-GA"
"SO","Gedo","SO-GE"
"SO","Hiiraan","SO-HI"
"SO","Jubbada Dhexe","SO-JD"
"SO","Jubbada Hoose","SO-JH"
"SO","Mudug","SO-MU"
"SO","Nugaal","SO-NU"
"SO","Sanaag","SO-SA"
"SO","Shabeellaha Dhexe","SO-SD"
"SO","Shabeellaha Hoose","SO-SH"
"SO","Sool","SO-SO"
"SO","Togdheer","SO-TO"
"SO","Woqooyi Galbeed","SO-WO"
"SR","Brokopondo","SR-BR"
"SR","Commewijne","SR-CM"
"SR","Coronie","SR-CR"
"SR","Marowijne","SR-MA"
"SR","Nickerie","SR-NI"
"SR","Para","BR-PA"
"SR","Paramaribo","SR-PM"
"SR","Saramacca","SR-SA"
"SR","Wanica","SR-WA"
"SS","Central Equatoria","SS-EC"
"SS","Eastern Equatoria","SS-EE"
"SS","Jonglei","SS-JG"
"SS","Lakes","SS-LK"
"SS","Northern Bahr el Ghazal","SS-BN"
"SS","Unity","SS-UY"
"SS","Upper Nile","SS-NU"
"SS","Warrap","SS-WR"
"SS","Western Bahr el Ghazal","SS-BW"
"SS","Western Equatoria","SS-EW"
"ST","Principe","ST-P"
"ST","Sao Tome","ST-S"
"SV","Ahuachapan","SV-AH"
"SV","Cabanas","SV-CA"
"SV","Chalatenango","SV-CH"
"SV","Cuscatlan","SV-CU"
"SV","La Libertad","PE-LAL"
"SV","La Paz","BO-L"
"SV","La Union","PH-LUN"
"SV","Morazan","SV-MO"
"SV","San Miguel","SV-SM"
"SV","San Salvador","SV-SS"
"SV","San Vicente","SV-SV"
"SV","Santa Ana","SV-SA"
"SV","Sonsonate","SV-SO"
"SV","Usulutan","SV-US"
"SX","Sint Maarten","-"
"SY","Al Hasakah","SY-HA"
"SY","Al Ladhiqiyah","SY-LA"
"SY","Al Qunaytirah","SY-QU"
"SY","Ar Raqqah","SY-RA"
"SY","As Suwayda'","SY-SU"
"SY","Dar'a","SY-DR"
"SY","Dayr az Zawr","SY-DY"
"SY","Dimashq","SY-DI"
"SY","Halab","SY-HL"
"SY","Hamah","SY-HM"
"SY","Hims","SY-HI"
"SY","Idlib","SY-ID"
"SY","Rif Dimashq","SY-RD"
"SY","Tartus","SY-TA"
"SZ","Hhohho","SZ-HH"
"SZ","Lubombo","SZ-LU"
"SZ","Manzini","SZ-MA"
"SZ","Shiselweni","SZ-SH"
"TC","Turks and Caicos Islands","TC"
"TD","Bahr el Gazel","TD-BG"
"TD","Batha","TD-BA"
"TD","Borkou","TD-BO"
"TD","Chari-Baguirmi","TD-CB"
"TD","Guera","TD-GR"
"TD","Hadjer Lamis","TD-HL"
"TD","Kanem","TD-KA"
"TD","Lac","TD-LC"
"TD","Logone-Occidental","TD-LO"
"TD","Logone-Oriental","TD-LR"
"TD","Mandoul","TD-MA"
"TD","Mayo-Kebbi-Est","TD-ME"
"TD","Mayo-Kebbi-Ouest","TD-MO"
"TD","Moyen-Chari","TD-MC"
"TD","Ouaddai","TD-OD"
"TD","Salamat","TD-SA"
"TD","Tandjile","TD-TA"
"TD","Tibesti","TD-TI"
"TD","Wadi Fira","TD-WF"
"TF","French Southern and Antarctic Lands","-"
"TG","Centre","CM-CE"
"TG","Kara","TG-K"
"TG","Maritime","TG-M"
"TG","Plateaux","CG-14"
"TG","Savannes","TG-S"
"TH","Amnat Charoen","TH-37"
"TH","Ang Thong","TH-15"
"TH","Buri Ram","TH-31"
"TH","Chachoengsao","TH-24"
"TH","Chai Nat","TH-18"
"TH","Chaiyaphum","TH-36"
"TH","Chanthaburi","TH-22"
"TH","Chiang Mai","TH-50"
"TH","Chiang Rai","TH-57"
"TH","Chon Buri","TH-20"
"TH","Chumphon","TH-86"
"TH","Kalasin","TH-46"
"TH","Kamphaeng Phet","TH-62"
"TH","Kanchanaburi","TH-71"
"TH","Khon Kaen","TH-40"
"TH","Krabi","TH-81"
"TH","Krung Thep Maha Nakhon","TH-10"
"TH","Lampang","TH-52"
"TH","Lamphun","TH-51"
"TH","Loei","TH-42"
"TH","Lop Buri","TH-16"
"TH","Mae Hong Son","TH-58"
"TH","Maha Sarakham","TH-44"
"TH","Mukdahan","TH-49"
"TH","Nakhon Nayok","TH-26"
"TH","Nakhon Pathom","TH-73"
"TH","Nakhon Phanom","TH-48"
"TH","Nakhon Ratchasima","TH-30"
"TH","Nakhon Sawan","TH-60"
"TH","Nakhon Si Thammarat","TH-80"
"TH","Nan","TH-55"
"TH","Narathiwat","TH-96"
"TH","Nong Bua Lam Phu","TH-39"
"TH","Nong Khai","TH-43"
"TH","Nonthaburi","TH-12"
"TH","Pathum Thani","TH-13"
"TH","Pattani","TH-94"
"TH","Phangnga","TH-82"
"TH","Phatthalung","TH-93"
"TH","Phayao","TH-56"
"TH","Phetchabun","TH-67"
"TH","Phetchaburi","TH-76"
"TH","Phichit","TH-66"
"TH","Phitsanulok","TH-65"
"TH","Phra Nakhon Si Ayutthaya","TH-14"
"TH","Phrae","TH-54"
"TH","Phuket","TH-83"
"TH","Prachin Buri","TH-25"
"TH","Prachuap Khiri Khan","TH-77"
"TH","Ranong","TH-85"
"TH","Ratchaburi","TH-70"
"TH","Rayong","TH-21"
"TH","Roi Et","TH-45"
"TH","Sa Kaeo","TH-27"
"TH","Sakon Nakhon","TH-47"
"TH","Samut Prakan","TH-11"
"TH","Samut Sakhon","TH-74"
"TH","Samut Songkhram","TH-75"
"TH","Saraburi","TH-19"
"TH","Satun","TH-91"
"TH","Si Sa Ket","TH-33"
"TH","Sing Buri","TH-17"
"TH","Songkhla","TH-90"
"TH","Sukhothai","TH-64"
"TH","Suphan Buri","TH-72"
"TH","Surat Thani","TH-84"
"TH","Surin","TH-32"
"TH","Tak","TH-63"
"TH","Trang","TH-92"
"TH","Trat","TH-23"
"TH","Ubon Ratchathani","TH-34"
"TH","Udon Thani","TH-41"
"TH","Uthai Thani","TH-61"
"TH","Uttaradit","TH-53"
"TH","Yala","TH-95"
"TH","Yasothon","TH-35"
"TJ","Khatlon","TJ-KT"
"TJ","Kuhistoni Badakhshon","TJ-GB"
"TJ","Regions of Republican Subordination","TJ-RR"
"TJ","Sughd","TJ-SU"
"TJ","Tajikistan","TJ"
"TK","Tokelau","TK"
"TL","Dili","TL-DI"
"TM","Ahal","TM-A"
"TM","Balkan","TM-B"
"TM","Dashoguz","TM-D"
"TM","Lebap","TM-L"
"TM","Mary","TM-M"
"TN","Aiana","TN-12"
"TN","Al Mahdia","TN-53"
"TN","Al Munastir","TN-52"
"TN","Bajah","TN-31"
"TN","Ben Arous","TN-13"
"TN","Bizerte","TN-23"
"TN","El Kef","TN-33"
"TN","Gabes","TN-81"
"TN","Gafsa","TN-71"
"TN","Jendouba","TN-32"
"TN","Kairouan","TN-41"
"TN","Kasserine","TN-42"
"TN","Kebili","TN-73"
"TN","Madanin","TN-82"
"TN","Manouba","TN-14"
"TN","Nabeul","TN-21"
"TN","Sfax","TN-61"
"TN","Sidi Bou Zid","TN-43"
"TN","Siliana","TN-34"
"TN","Sousse","TN-51"
"TN","Tataouine","TN-83"
"TN","Tozeur","TN-72"
"TN","Tunis","TN-11"
"TN","Zaghouan","TN-22"
"TO","Ha'apai","TO-02"
"TO","Tongatapu","TO-04"
"TO","Vava'u","TO-05"
"TR","Adana","TR-01"
"TR","Adiyaman","TR-02"
"TR","Afyonkarahisar","TR-03"
"TR","Agri","TR-04"
"TR","Aksaray","TR-68"
"TR","Amasya","TR-05"
"TR","Ankara","TR-06"
"TR","Antalya","TR-07"
"TR","Ardahan","TR-75"
"TR","Artvin","TR-08"
"TR","Aydin","TR-09"
"TR","Balikesir","TR-10"
"TR","Bartin","TR-74"
"TR","Batman","TR-72"
"TR","Bayburt","TR-69"
"TR","Bilecik","TR-11"
"TR","Bingol","TR-12"
"TR","Bitlis","TR-13"
"TR","Bolu","TR-14"
"TR","Burdur","TR-15"
"TR","Bursa","TR-16"
"TR","Canakkale","TR-17"
"TR","Cankiri","TR-18"
"TR","Corum","TR-19"
"TR","Denizli","TR-20"
"TR","Diyarbakir","TR-21"
"TR","Duzce","TR-81"
"TR","Edirne","TR-22"
"TR","Elazig","TR-23"
"TR","Erzincan","TR-24"
"TR","Erzurum","TR-25"
"TR","Eskisehir","TR-26"
"TR","Gaziantep","TR-27"
"TR","Giresun","TR-28"
"TR","Gumushane","TR-29"
"TR","Hakkari","TR-30"
"TR","Hatay","TR-31"
"TR","Igdir","TR-76"
"TR","Isparta","TR-32"
"TR","Istanbul","TR-34"
"TR","Izmir","TR-35"
"TR","Kahramanmaras","TR-46"
"TR","Karabuk","TR-78"
"TR","Karaman","TR-70"
"TR","Kars","TR-36"
"TR","Kastamonu","TR-37"
"TR","Kayseri","TR-38"
"TR","Kilis","TR-79"
"TR","Kirikkale","TR-71"
"TR","Kirklareli","TR-39"
"TR","Kirsehir","TR-40"
"TR","Kocaeli","TR-41"
"TR","Konya","TR-42"
"TR","Kutahya","TR-43"
"TR","Malatya","TR-44"
"TR","Manisa","TR-45"
"TR","Mardin","TR-47"
"TR","Mersin","TR-33"
"TR","Mugla","TR-48"
"TR","Mus","TR-49"
"TR","Nevsehir","TR-50"
"TR","Nigde","TR-51"
"TR","Ordu","TR-52"
"TR","Osmaniye","TR-80"
"TR","Rize","TR-53"
"TR","Sakarya","TR-54"
"TR","Samsun","TR-55"
"TR","Sanliurfa","TR-63"
"TR","Siirt","TR-56"
"TR","Sinop","TR-57"
"TR","Sirnak","TR-73"
"TR","Sivas","TR-58"
"TR","Tekirdag","TR-59"
"TR","Tokat","TR-60"
"TR","Trabzon","TR-61"
"TR","Tunceli","TR-62"
"TR","Usak","TR-64"
"TR","Van","TR-65"
"TR","Yalova","TR-77"
"TR","Yozgat","TR-66"
"TR","Zonguldak","TR-67"
"TT","Arima","TT-ARI"
"TT","Caroni","-"
"TT","Mayaro","TT-MRC"
"TT","Port-of-Spain","TT-POS"
"TT","Saint Andrew","DM-02"
"TT","Saint George","DM-04"
"TT","San Fernando","TT-SFO"
"TT","Tobago","TT-TOB"
"TT","Trinidad and Tobago","TT-TOB"
"TT","Victoria","AU-VIC"
"TV","Tuvalu","TV"
"TW","Fu-chien","-"
"TW","Kao-hsiung","TW-KHH"
"TW","T'ai-pei","TW-TPE"
"TW","T'ai-wan","TW"
"TZ","Arusha","TZ-01"
"TZ","Dar es Salaam","TZ-02"
"TZ","Dodoma","TZ-03"
"TZ","Iringa","TZ-04"
"TZ","Kagera","TZ-05"
"TZ","Kaskazini Pemba","TZ-06"
"TZ","Kaskazini Unguja","TZ-07"
"TZ","Kigoma","TZ-08"
"TZ","Kilimanjaro","TZ-09"
"TZ","Kusini Pemba","TZ-10"
"TZ","Kusini Unguja","TZ-11"
"TZ","Lindi","TZ-12"
"TZ","Manyara","TZ-26"
"TZ","Mara","TZ-13"
"TZ","Mbeya","TZ-14"
"TZ","Mjini Magharibi","TZ-15"
"TZ","Morogoro","TZ-16"
"TZ","Mtwara","TZ-17"
"TZ","Mwanza","MW-MW"
"TZ","Pwani","TZ-19"
"TZ","Rukwa","TZ-20"
"TZ","Ruvuma","TZ-21"
"TZ","Shinyanga","TZ-22"
"TZ","Singida","TZ-23"
"TZ","Tabora","TZ-24"
"TZ","Tanga","TZ-25"
"UA","Avtonomna Respublika Krym","UA-43"
"UA","Cherkas'ka Oblast'","UA-71"
"UA","Chernihivs'ka Oblast'","UA-74"
"UA","Chernivets'ka Oblast'","UA-77"
"UA","Dnipropetrovs'ka Oblast'","UA-12"
"UA","Donets'ka Oblast'","UA-14"
"UA","Ivano-Frankivs'ka Oblast'","UA-26"
"UA","Kharkivs'ka Oblast'","UA-63"
"UA","Khersons'ka Oblast'","UA-65"
"UA","Khmel'nyts'ka Oblast'","UA-68"
"UA","Kirovohrads'ka Oblast'","UA-35"
"UA","Kyiv","UA-30"
"UA","Kyivs'ka Oblast'","UA-32"
"UA","L'vivs'ka Oblast'","UA-46"
"UA","Luhans'ka Oblast'","UA-09"
"UA","Mykolaivs'ka Oblast'","UA-48"
"UA","Odes'ka Oblast'","UA-51"
"UA","Poltavs'ka Oblast'","UA-53"
"UA","Rivnens'ka Oblast'","UA-56"
"UA","Sevastopol'","UA-40"
"UA","Sums'ka Oblast'","UA-59"
"UA","Ternopil's'ka Oblast'","UA-61"
"UA","Vinnyts'ka Oblast'","UA-05"
"UA","Volyns'ka Oblast'","UA-07"
"UA","Zakarpats'ka Oblast'","UA-21"
"UA","Zaporiz'ka Oblast'","UA-23"
"UA","Zhytomyrs'ka Oblast'","UA-18"
"UG","Abim","UG-317"
"UG","Adjumani","UG-301"
"UG","Agago","UG-322"
"UG","Alebtong","UG-323"
"UG","Amolatar","UG-314"
"UG","Amudat","UG-324"
"UG","Amuria","UG-216"
"UG","Amuru","UG-319"
"UG","Apac","UG-302"
"UG","Arua","UG-303"
"UG","Budaka","UG-217"
"UG","Bududa","UG-223"
"UG","Bugiri","UG-201"
"UG","Buikwe","UG-117"
"UG","Bukedea","UG-224"
"UG","Bukomansibi","UG-118"
"UG","Bukwa","UG-218"
"UG","Bulambuli","UG-225"
"UG","Buliisa","UG-419"
"UG","Bundibugyo","UG-401"
"UG","Bushenyi","UG-402"
"UG","Busia","UG-202"
"UG","Butaleja","UG-219"
"UG","Buvuma","UG-120"
"UG","Buyende","UG-226"
"UG","Dokolo","UG-318"
"UG","Gomba","UG-121"
"UG","Gulu","UG-304"
"UG","Hoima","UG-403"
"UG","Iganga","UG-203"
"UG","Isingiro","UG-417"
"UG","Jinja","UG-204"
"UG","Kaabong","UG-315"
"UG","Kabale","UG-404"
"UG","Kabarole","UG-405"
"UG","Kaberamaido","UG-213"
"UG","Kalangala","UG-101"
"UG","Kaliro","UG-220"
"UG","Kampala","UG-102"
"UG","Kamuli","UG-205"
"UG","Kamwenge","UG-413"
"UG","Kanungu","UG-414"
"UG","Kapchorwa","UG-206"
"UG","Kasese","UG-406"
"UG","Katakwi","UG-207"
"UG","Kayunga","UG-112"
"UG","Kibaale","UG-407"
"UG","Kiboga","UG-103"
"UG","Kibuku","UG-227"
"UG","Kiryandongo","UG-420"
"UG","Kisoro","UG-408"
"UG","Kitgum","UG-305"
"UG","Koboko","UG-316"
"UG","Kole","UG-326"
"UG","Kotido","UG-306"
"UG","Kumi","UG-208"
"UG","Kween","UG-228"
"UG","Kyankwanzi","UG-123"
"UG","Kyegegwa","UG-421"
"UG","Kyenjojo","UG-415"
"UG","Lira","UG-307"
"UG","Luuka","UG-229"
"UG","Luwero","UG-104"
"UG","Lwengo","UG-124"
"UG","Lyantonde","UG-116"
"UG","Manafwa","UG-221"
"UG","Maracha","UG-320"
"UG","Masaka","UG-105"
"UG","Masindi","UG-409"
"UG","Mayuge","UG-214"
"UG","Mbale","UG-209"
"UG","Mbarara","UG-410"
"UG","Mitooma","UG-422"
"UG","Mityana","UG-114"
"UG","Moroto","UG-308"
"UG","Moyo","UG-309"
"UG","Mpigi","UG-106"
"UG","Mubende","UG-107"
"UG","Mukono","UG-108"
"UG","Nakapiripirit","UG-311"
"UG","Nakaseke","UG-115"
"UG","Nakasongola","UG-109"
"UG","Namayingo","UG-230"
"UG","Namutumba","UG-222"
"UG","Napak","UG-328"
"UG","Nebbi","UG-310"
"UG","Ngora","UG-231"
"UG","Ntoroko","UG-423"
"UG","Ntungamo","UG-411"
"UG","Otuke","UG-330"
"UG","Oyam","UG-321"
"UG","Pader","UG-312"
"UG","Pallisa","UG-210"
"UG","Rakai","UG-110"
"UG","Rubirizi","UG-424"
"UG","Rukungiri","UG-412"
"UG","Sembabule","UG-111"
"UG","Serere","UG-232"
"UG","Sheema","UG-425"
"UG","Sironko","UG-215"
"UG","Soroti","UG-211"
"UG","Tororo","UG-212"
"UG","Wakiso","UG-113"
"UG","Yumbe","UG-313"
"UG","Zombo","UG-331"
"UM","Palmyra Atoll","UM-95"
"US","Alabama","US-AL"
"US","Alaska","US-AK"
"US","Arizona","US-AZ"
"US","Arkansas","US-AR"
"US","California","US-CA"
"US","Colorado","US-CO"
"US","Connecticut","US-CT"
"US","Delaware","US-DE"
"US","District Of Columbia","US-DC"
"US","Florida","US-FL"
"US","Georgia","US-GA"
"US","Hawaii","US-HI"
"US","Idaho","US-ID"
"US","Illinois","US-IL"
"US","Indiana","US-IN"
"US","Iowa","US-IA"
"US","Kansas","US-KS"
"US","Kentucky","US-KY"
"US","Louisiana","US-LA"
"US","Maine","US-ME"
"US","Maryland","LR-MY"
"US","Massachusetts","US-MA"
"US","Michigan","US-MI"
"US","Minnesota","US-MN"
"US","Mississippi","US-MS"
"US","Missouri","US-MO"
"US","Montana","BG-12"
"US","Nebraska","US-NE"
"US","Nevada","US-NV"
"US","New Hampshire","US-NH"
"US","New Jersey","US-NJ"
"US","New Mexico","US-NM"
"US","New York","US-NY"
"US","North Carolina","US-NC"
"US","North Dakota","US-ND"
"US","Ohio","US-OH"
"US","Oklahoma","US-OK"
"US","Oregon","US-OR"
"US","Pennsylvania","US-PA"
"US","Rhode Island","US-RI"
"US","South Carolina","US-SC"
"US","South Dakota","US-SD"
"US","Tennessee","US-TN"
"US","Texas","US-TX"
"US","Utah","US-UT"
"US","Vermont","US-VT"
"US","Virginia","US-VA"
"US","Washington","US-WA"
"US","West Virginia","US-WV"
"US","Wisconsin","US-WI"
"US","Wyoming","US-WY"
"UY","Artigas","UY-AR"
"UY","Canelones","UY-CA"
"UY","Cerro Largo","UY-CL"
"UY","Colonia","UY-CO"
"UY","Durazno","UY-DU"
"UY","Flores","UY-FS"
"UY","Florida","US-FL"
"UY","Lavalleja","UY-LA"
"UY","Maldonado","UY-MA"
"UY","Montevideo","UY-MO"
"UY","Paysandu","UY-PA"
"UY","Rio Negro","AR-R"
"UY","Rivera","UY-RV"
"UY","Rocha","UY-RO"
"UY","Salto","UY-SA"
"UY","San Jose","CR-SJ"
"UY","Soriano","UY-SO"
"UY","Tacuarembo","UY-TA"
"UY","Treinta y Tres","UY-TT"
"UZ","Andijon","UZ-AN"
"UZ","Buxoro","UZ-BU"
"UZ","Farg'ona","UZ-FA"
"UZ","Jizzax","UZ-JI"
"UZ","Namangan","UZ-NG"
"UZ","Navoiy","UZ-NW"
"UZ","Qashqadaryo","UZ-QA"
"UZ","Qoraqalpog'iston Respublikasi","UZ-QR"
"UZ","Samarqand","UZ-SA"
"UZ","Sirdaryo","UZ-SI"
"UZ","Surxondaryo","UZ-SU"
"UZ","Toshkent","UZ-TO"
"UZ","Xorazm","UZ-XO"
"VA","Vatican City","-"
"VC","Charlotte","VC-01"
"VC","Saint George","DM-04"
"VE","Amazonas","BR-AM"
"VE","Anzoategui","VE-B"
"VE","Apure","VE-C"
"VE","Aragua","VE-D"
"VE","Barinas","VE-E"
"VE","Bolivar","CO-BOL"
"VE","Carabobo","VE-G"
"VE","Cojedes","VE-H"
"VE","Delta Amacuro","VE-Y"
"VE","Distrito Federal","BR-DF"
"VE","Falcon","VE-I"
"VE","Guarico","VE-J"
"VE","Lara","VE-K"
"VE","Merida","VE-L"
"VE","Miranda","VE-M"
"VE","Monagas","VE-N"
"VE","Nueva Esparta","VE-O"
"VE","Portuguesa","VE-P"
"VE","Sucre","CO-SUC"
"VE","Tachira","VE-S"
"VE","Trujillo","VE-T"
"VE","Vargas","VE-X"
"VE","Yaracuy","VE-U"
"VE","Zulia","VE-V"
"VG","British Virgin Islands","-"
"VI","Virgin Islands","-"
"VN","An Giang","VN-44"
"VN","Bac Giang","VN-54"
"VN","Bac Kan","VN-53"
"VN","Bac Lieu","VN-55"
"VN","Bac Ninh","VN-56"
"VN","Ben Tre","VN-50"
"VN","Binh Dinh","VN-31"
"VN","Binh Duong","VN-57"
"VN","Binh Phuoc","VN-58"
"VN","Binh Thuan","VN-40"
"VN","Ca Mau","VN-59"
"VN","Can Tho","VN-CT"
"VN","Cao Bang","VN-04"
"VN","Da Nang","VN-DN"
"VN","Dak Lak","VN-33"
"VN","Dien Bien","VN-71"
"VN","Dong Nai","VN-39"
"VN","Dong Thap","VN-45"
"VN","Gia Lai","VN-30"
"VN","Ha Giang","VN-03"
"VN","Ha Nam","VN-63"
"VN","Ha Noi","VN-HN"
"VN","Ha Tinh","VN-23"
"VN","Hai Duong","VN-61"
"VN","Hai Phong","VN-HP"
"VN","Ho Chi Minh","VN-SG"
"VN","Hoa Binh","VN-14"
"VN","Hung Yen","VN-66"
"VN","Khanh Hoa","VN-34"
"VN","Kien Giang","VN-47"
"VN","Lai Chau","VN-01"
"VN","Lam Dong","VN-35"
"VN","Lang Son","VN-09"
"VN","Lao Cai","VN-02"
"VN","Long An","VN-41"
"VN","Nam Dinh","VN-67"
"VN","Nghe An","VN-22"
"VN","Ninh Binh","VN-18"
"VN","Ninh Thuan","VN-36"
"VN","Phu Tho","VN-68"
"VN","Phu Yen","VN-32"
"VN","Quang Binh","VN-24"
"VN","Quang Nam","VN-27"
"VN","Quang Ngai","VN-29"
"VN","Quang Ninh","VN-13"
"VN","Quang Tri","VN-25"
"VN","Soc Trang","VN-52"
"VN","Son La","VN-05"
"VN","Tay Ninh","VN-37"
"VN","Thai Binh","VN-20"
"VN","Thai Nguyen","VN-69"
"VN","Thanh Hoa","VN-21"
"VN","Thua Thien-Hue","VN-26"
"VN","Tien Giang","VN-46"
"VN","Tra Vinh","VN-51"
"VN","Tuyen Quang","VN-07"
"VN","Vinh Long","VN-49"
"VN","Vinh Phuc","VN-70"
"VN","Yen Bai","VN-06"
"VU","Malampa","VU-MAP"
"VU","Sanma","VU-SAM"
"VU","Shefa","VU-SEE"
"VU","Tafea","VU-TAE"
"VU","Torba","VU-TOB"
"WF","Wallis and Futuna Islands","WF"
"WS","A'ana","WS-AA"
"WS","Atua","WS-AT"
"WS","Gagaifomauga","WS-GI"
"WS","Palauli","WS-PA"
"WS","Tuamasaga","WS-TU"
"YE","'Adan","YE-AD"
"YE","'Amran","YE-AM"
"YE","Abyan","YE-AB"
"YE","Ad Dali","YE-DA"
"YE","Al Bayda'","YE-BA"
"YE","Al Hudaydah","YE-HU"
"YE","Al Jawf","SA-12"
"YE","Al Mahrah","YE-MR"
"YE","Al Mahwit","YE-MW"
"YE","Amanat al 'Asimah","YE-SA"
"YE","Dhamar","YE-DH"
"YE","Hadramawt","YE-HD"
"YE","Hajjah","YE-HJ"
"YE","Ibb","YE-IB"
"YE","Lahij","YE-LA"
"YE","Ma'rib","YE-MA"
"YE","Raymah","YE-RA"
"YE","Sa'dah","YE-SD"
"YE","San'a'","YE-SN"
"YE","Shabwah","YE-SH"
"YE","Ta'izz","YE-TA"
"YT","Acoua","-"
"YT","Bandraboua","-"
"YT","Bandrele","-"
"YT","Boueni","-"
"YT","Chiconi","-"
"YT","Chirongui","-"
"YT","Dzaoudzi","-"
"YT","Kani-Keli","-"
"YT","Koungou","-"
"YT","Mamoudzou","-"
"YT","Mtsamboro","-"
"YT","Ouangani","-"
"YT","Pamandzi","-"
"YT","Sada","-"
"YT","Tsingoni","-"
"ZA","Eastern Cape","ZA-EC"
"ZA","Free State","ZA-FS"
"ZA","Gauteng","ZA-GT"
"ZA","KwaZulu-Natal","ZA-NL"
"ZA","Limpopo","ZA-LP"
"ZA","Mpumalanga","ZA-MP"
"ZA","North-West","BW-NW"
"ZA","Northern Cape","ZA-NC"
"ZA","Western Cape","ZA-WC"
"ZM","Central","BW-CE"
"ZM","Copperbelt","ZM-08"
"ZM","Eastern","GH-EP"
"ZM","Luapula","ZM-04"
"ZM","Lusaka","ZM-09"
"ZM","North-Western","ZM-06"
"ZM","Northern","FJ-N"
"ZM","Southern","BW-SO"
"ZM","Western","FJ-W"
"ZW","Bulawayo","ZW-BU"
"ZW","Harare","ZW-HA"
"ZW","Manicaland","ZW-MA"
"ZW","Mashonaland Central","ZW-MC"
"ZW","Mashonaland East","ZW-ME"
"ZW","Mashonaland West","ZW-MW"
"ZW","Masvingo","ZW-MV"
"ZW","Matabeleland North","ZW-MN"
"ZW","Matabeleland South","ZW-MS"
"ZW","Midlands","ZW-MI"
