[
    {
        "code": "AF",
        "long": {
            "default": "Afganistán"
        }
    },
    {
        "code": "AX",
        "long": {
            "default": "Islas de Åland"
        }
    },
    {
        "code": "AL",
        "long": {
            "default": "Albania"
        }
    },
    {
        "code": "DZ",
        "long": {
            "default": "Argelia"
        }
    },
    {
        "code": "AS",
        "long": {
            "default": "Samoa Americana"
        }
    },
    {
        "code": "AD",
        "long": {
            "default": "Principado de Andorra"
        }
    },
    {
        "code": "AO",
        "long": {
            "default": "Angola"
        }
    },
    {
        "code": "AI",
        "long": {
            "default": "Anguila"
        }
    },
    {
        "code": "AQ",
        "long": {
            "default": "Antártida"
        }
    },
    {
        "code": "AG",
        "long": {
            "default": "Antigua y Barbuda"
        }
    },
    {
        "code": "AR",
        "long": {
            "default": "Argentina"
        }
    },
    {
        "code": "AM",
        "long": {
            "default": "Armenia"
        }
    },
    {
        "code": "AW",
        "long": {
            "default": "Aruba"
        }
    },
    {
        "code": "AU",
        "long": {
            "default": "Australia"
        }
    },
    {
        "code": "AT",
        "long": {
            "default": "Austria"
        }
    },
    {
        "code": "AZ",
        "long": {
            "default": "Azerbaiyán"
        }
    },
    {
        "code": "BS",
        "long": {
            "default": "Bahamas"
        }
    },
    {
        "code": "BH",
        "long": {
            "default": "Bahréin"
        }
    },
    {
        "code": "BD",
        "long": {
            "default": "Bangladesh"
        }
    },
    {
        "code": "BB",
        "long": {
            "default": "Barbados"
        }
    },
    {
        "code": "BY",
        "long": {
            "default": "Bielorrusia"
        }
    },
    {
        "code": "BE",
        "long": {
            "default": "Bélgica"
        }
    },
    {
        "code": "BZ",
        "long": {
            "default": "Belice"
        }
    },
    {
        "code": "BJ",
        "long": {
            "default": "Benín"
        }
    },
    {
        "code": "BM",
        "long": {
            "default": "Bermudas"
        }
    },
    {
        "code": "BT",
        "long": {
            "default": "Bután"
        }
    },
    {
        "code": "BO",
        "long": {
            "default": "Bolivia"
        }
    },
    {
        "code": "BQ",
        "long": {
            "default": "Municipio Especial de Bonaire"
        }
    },
    {
        "code": "BA",
        "long": {
            "default": "Bosnia y Herzegovina"
        }
    },
    {
        "code": "BW",
        "long": {
            "default": "Botsuana"
        }
    },
    {
        "code": "BV",
        "long": {
            "default": "Isla Bouvet"
        }
    },
    {
        "code": "BR",
        "long": {
            "default": "Brasil"
        }
    },
    {
        "code": "IO",
        "long": {
            "default": "Territorio Británico del Océano Índico"
        }
    },
    {
        "code": "BN",
        "long": {
            "default": "Brunéi"
        }
    },
    {
        "code": "BG",
        "long": {
            "default": "Bulgaria"
        }
    },
    {
        "code": "BF",
        "long": {
            "default": "Burkina Faso"
        }
    },
    {
        "code": "BI",
        "long": {
            "default": "Burundi"
        }
    },
    {
        "code": "CV",
        "long": {
            "default": "Cabo Verde"
        }
    },
    {
        "code": "KH",
        "long": {
            "default": "Camboya"
        }
    },
    {
        "code": "CM",
        "long": {
            "default": "Camerún"
        }
    },
    {
        "code": "CA",
        "long": {
            "default": "Canadá"
        }
    },
    {
        "code": "KY",
        "long": {
            "default": "Islas Caimán"
        }
    },
    {
        "code": "CF",
        "long": {
            "default": "República Centroafricana"
        }
    },
    {
        "code": "TD",
        "long": {
            "default": "Chad"
        }
    },
    {
        "code": "CL",
        "long": {
            "default": "Chile"
        }
    },
    {
        "code": "CN",
        "long": {
            "default": "República Popular China"
        }
    },
    {
        "code": "CX",
        "long": {
            "default": "Isla Christmas"
        }
    },
    {
        "code": "CC",
        "long": {
            "default": "Islas Cocos"
        }
    },
    {
        "code": "CO",
        "long": {
            "default": "Colombia"
        }
    },
    {
        "code": "KM",
        "long": {
            "default": "Comoras"
        }
    },
    {
        "code": "CG",
        "long": {
            "default": "República Congo"
        }
    },
    {
        "code": "CD",
        "long": {
            "default": "Congo Democrático"
        }
    },
    {
        "code": "CK",
        "long": {
            "default": "Islas Cook"
        }
    },
    {
        "code": "CR",
        "long": {
            "default": "Costa Rica"
        }
    },
    {
        "code": "CI",
        "long": {
            "default": "Costa de Marfil"
        }
    },
    {
        "code": "HR",
        "long": {
            "default": "Croacia"
        }
    },
    {
        "code": "CU",
        "long": {
            "default": "República de Cuba"
        }
    },
    {
        "code": "CW",
        "long": {
            "default": "País de Curazao"
        }
    },
    {
        "code": "CY",
        "long": {
            "default": "Chipre"
        }
    },
    {
        "code": "CZ",
        "long": {
            "default": "República Checa"
        }
    },
    {
        "code": "DK",
        "long": {
            "default": "Dinamarca"
        }
    },
    {
        "code": "DJ",
        "long": {
            "default": "Yibuti"
        }
    },
    {
        "code": "DM",
        "long": {
            "default": "Dominica"
        }
    },
    {
        "code": "DO",
        "long": {
            "default": "República de Santo Domingo"
        }
    },
    {
        "code": "EC",
        "long": {
            "default": "Ecuador"
        }
    },
    {
        "code": "EG",
        "long": {
            "default": "Egipto"
        }
    },
    {
        "code": "SV",
        "long": {
            "default": "El Salvador"
        }
    },
    {
        "code": "GQ",
        "long": {
            "default": "República de Guinea Ecuatorial"
        }
    },
    {
        "code": "ER",
        "long": {
            "default": "Eritrea"
        }
    },
    {
        "code": "EE",
        "long": {
            "default": "Estonia"
        }
    },
    {
        "code": "ET",
        "long": {
            "default": "Etiopía"
        }
    },
    {
        "code": "FK",
        "long": {
            "default": "Islas Malvinas"
        }
    },
    {
        "code": "FO",
        "long": {
            "default": "Islas Feroe"
        }
    },
    {
        "code": "FJ",
        "long": {
            "default": "Fiyi"
        }
    },
    {
        "code": "FI",
        "long": {
            "default": "Finlandia"
        }
    },
    {
        "code": "FR",
        "long": {
            "default": "Francia"
        }
    },
    {
        "code": "GF",
        "long": {
            "default": "Guayana Francesa"
        }
    },
    {
        "code": "PF",
        "long": {
            "default": "Polinesia Francesa"
        }
    },
    {
        "code": "TF",
        "long": {
            "default": "Territorios Australes Franceses"
        }
    },
    {
        "code": "GA",
        "long": {
            "default": "Gabón"
        }
    },
    {
        "code": "GM",
        "long": {
            "default": "Gambia"
        }
    },
    {
        "code": "GE",
        "long": {
            "default": "Georgia"
        }
    },
    {
        "code": "DE",
        "long": {
            "default": "Alemania"
        }
    },
    {
        "code": "GH",
        "long": {
            "default": "Ghana"
        }
    },
    {
        "code": "GI",
        "long": {
            "default": "Gibraltar"
        }
    },
    {
        "code": "GR",
        "long": {
            "default": "Grecia"
        }
    },
    {
        "code": "GL",
        "long": {
            "default": "Groenlandia"
        }
    },
    {
        "code": "GD",
        "long": {
            "default": "Granada"
        }
    },
    {
        "code": "GP",
        "long": {
            "default": "Guadalupe"
        }
    },
    {
        "code": "GU",
        "long": {
            "default": "Guam"
        }
    },
    {
        "code": "GT",
        "long": {
            "default": "Guatemala"
        }
    },
    {
        "code": "GG",
        "long": {
            "default": "Guernsey"
        }
    },
    {
        "code": "GN",
        "long": {
            "default": "Guinea"
        }
    },
    {
        "code": "GW",
        "long": {
            "default": "Guinea-Bissáu"
        }
    },
    {
        "code": "GY",
        "long": {
            "default": "Guyana"
        }
    },
    {
        "code": "HT",
        "long": {
            "default": "Haití"
        }
    },
    {
        "code": "HM",
        "long": {
            "default": "Islas Heard y McDonald"
        }
    },
    {
        "code": "VA",
        "long": {
            "default": "Ciudad del Vaticano"
        }
    },
    {
        "code": "HN",
        "long": {
            "default": "Honduras"
        }
    },
    {
        "code": "HK",
        "long": {
            "default": "Hong Kong"
        }
    },
    {
        "code": "HU",
        "long": {
            "default": "Hungría"
        }
    },
    {
        "code": "IS",
        "long": {
            "default": "Islandia"
        }
    },
    {
        "code": "IN",
        "long": {
            "default": "India"
        }
    },
    {
        "code": "ID",
        "long": {
            "default": "Indonesia"
        }
    },
    {
        "code": "IR",
        "long": {
            "default": "Irán (República Islámica)"
        }
    },
    {
        "code": "IQ",
        "long": {
            "default": "Iraq"
        }
    },
    {
        "code": "IE",
        "long": {
            "default": "República de Irlanda"
        }
    },
    {
        "code": "IM",
        "long": {
            "default": "Isla de Man"
        }
    },
    {
        "code": "IL",
        "long": {
            "default": "Israel"
        }
    },
    {
        "code": "IT",
        "long": {
            "default": "Italia"
        }
    },
    {
        "code": "JM",
        "long": {
            "default": "Jamaica"
        }
    },
    {
        "code": "JP",
        "long": {
            "default": "Japón"
        }
    },
    {
        "code": "JE",
        "long": {
            "default": "Jersey"
        }
    },
    {
        "code": "JO",
        "long": {
            "default": "Jordania"
        }
    },
    {
        "code": "KZ",
        "long": {
            "default": "Kazajstán"
        }
    },
    {
        "code": "KE",
        "long": {
            "default": "Kenia"
        }
    },
    {
        "code": "KI",
        "long": {
            "default": "Kiribati"
        }
    },
    {
        "code": "KP",
        "long": {
            "default": "Corea del Norte"
        }
    },
    {
        "code": "KR",
        "long": {
            "default": "República de Corea"
        }
    },
    {
        "code": "KW",
        "long": {
            "default": "Kuwait"
        }
    },
    {
        "code": "KG",
        "long": {
            "default": "Kirguistán"
        }
    },
    {
        "code": "LA",
        "long": {
            "default": "Laos"
        }
    },
    {
        "code": "LV",
        "long": {
            "default": "Letonia"
        }
    },
    {
        "code": "LB",
        "long": {
            "default": "Líbano"
        }
    },
    {
        "code": "LS",
        "long": {
            "default": "Lesotho"
        }
    },
    {
        "code": "LR",
        "long": {
            "default": "Liberia"
        }
    },
    {
        "code": "LY",
        "long": {
            "default": "Libia, República Árabe"
        }
    },
    {
        "code": "LI",
        "long": {
            "default": "Liechtenstein"
        }
    },
    {
        "code": "LT",
        "long": {
            "default": "Lituania"
        }
    },
    {
        "code": "LU",
        "long": {
            "default": "Luxemburgo"
        }
    },
    {
        "code": "MO",
        "long": {
            "default": "Macao"
        }
    },
    {
        "code": "MK",
        "long": {
            "default": "Macedonia, Antigua República Yugoslava"
        }
    },
    {
        "code": "MG",
        "long": {
            "default": "Madagascar"
        }
    },
    {
        "code": "MW",
        "long": {
            "default": "Malaui"
        }
    },
    {
        "code": "MY",
        "long": {
            "default": "Malasia"
        }
    },
    {
        "code": "MV",
        "long": {
            "default": "Maldivas"
        }
    },
    {
        "code": "ML",
        "long": {
            "default": "Mali"
        }
    },
    {
        "code": "MT",
        "long": {
            "default": "Malta"
        }
    },
    {
        "code": "MH",
        "long": {
            "default": "Islas Marshall"
        }
    },
    {
        "code": "MQ",
        "long": {
            "default": "Martinica"
        }
    },
    {
        "code": "MR",
        "long": {
            "default": "Mauritania"
        }
    },
    {
        "code": "MU",
        "long": {
            "default": "Mauricio"
        }
    },
    {
        "code": "YT",
        "long": {
            "default": "Mayotte"
        }
    },
    {
        "code": "MX",
        "long": {
            "default": "México"
        }
    },
    {
        "code": "FM",
        "long": {
            "default": "Micronesia"
        }
    },
    {
        "code": "MD",
        "long": {
            "default": "Moldavia"
        }
    },
    {
        "code": "MC",
        "long": {
            "default": "Principado de Mónaco"
        }
    },
    {
        "code": "MN",
        "long": {
            "default": "Mongolia"
        }
    },
    {
        "code": "ME",
        "long": {
            "default": "Montenegro"
        }
    },
    {
        "code": "MS",
        "long": {
            "default": "Montserrat"
        }
    },
    {
        "code": "MA",
        "long": {
            "default": "Reino de Marruecos"
        }
    },
    {
        "code": "MZ",
        "long": {
            "default": "Mozambique"
        }
    },
    {
        "code": "MM",
        "long": {
            "default": "Myanmar [Birmania]"
        }
    },
    {
        "code": "NA",
        "long": {
            "default": "Namibia"
        }
    },
    {
        "code": "NR",
        "long": {
            "default": "Nauru"
        }
    },
    {
        "code": "NP",
        "long": {
            "default": "Nepal"
        }
    },
    {
        "code": "NL",
        "long": {
            "default": "Holanda"
        }
    },
    {
        "code": "NC",
        "long": {
            "default": "Nueva Caledonia"
        }
    },
    {
        "code": "NZ",
        "long": {
            "default": "Nueva Zelanda"
        }
    },
    {
        "code": "NI",
        "long": {
            "default": "República de Nicaragua"
        }
    },
    {
        "code": "NE",
        "long": {
            "default": "Níger"
        }
    },
    {
        "code": "NG",
        "long": {
            "default": "Nigeria"
        }
    },
    {
        "code": "NU",
        "long": {
            "default": "Isla Niue"
        }
    },
    {
        "code": "NF",
        "long": {
            "default": "Isla Norfolk"
        }
    },
    {
        "code": "MP",
        "long": {
            "default": "Islas Marianas del Norte"
        }
    },
    {
        "code": "NO",
        "long": {
            "default": "Noruega"
        }
    },
    {
        "code": "OM",
        "long": {
            "default": "Omán"
        }
    },
    {
        "code": "PK",
        "long": {
            "default": "Pakistán"
        }
    },
    {
        "code": "PW",
        "long": {
            "default": "Palaos"
        }
    },
    {
        "code": "PS",
        "long": {
            "default": "Territorios Palestinos"
        }
    },
    {
        "code": "PA",
        "long": {
            "default": "Panamá"
        }
    },
    {
        "code": "PG",
        "long": {
            "default": "Papúa-Nueva Guinea"
        }
    },
    {
        "code": "PY",
        "long": {
            "default": "Paraguay"
        }
    },
    {
        "code": "PE",
        "long": {
            "default": "Perú"
        }
    },
    {
        "code": "PH",
        "long": {
            "default": "Filipinas"
        }
    },
    {
        "code": "PN",
        "long": {
            "default": "Islas Pitcairn"
        }
    },
    {
        "code": "PL",
        "long": {
            "default": "Polonia"
        }
    },
    {
        "code": "PT",
        "long": {
            "default": "Portugal"
        }
    },
    {
        "code": "PR",
        "long": {
            "default": "Puerto Rico"
        }
    },
    {
        "code": "QA",
        "long": {
            "default": "Qatar"
        }
    },
    {
        "code": "RE",
        "long": {
            "default": "Reunión"
        }
    },
    {
        "code": "RO",
        "long": {
            "default": "Rumanía"
        }
    },
    {
        "code": "RU",
        "long": {
            "default": "Rusia"
        }
    },
    {
        "code": "RW",
        "long": {
            "default": "Ruanda"
        }
    },
    {
        "code": "BL",
        "long": {
            "default": "San Bartolomé"
        }
    },
    {
        "code": "SH",
        "long": {
            "default": "Santa Elena"
        }
    },
    {
        "code": "KN",
        "long": {
            "default": "San Cristóbal y Nieves"
        }
    },
    {
        "code": "LC",
        "long": {
            "default": "Santa Lucía"
        }
    },
    {
        "code": "MF",
        "long": {
            "default": "San Martín"
        }
    },
    {
        "code": "PM",
        "long": {
            "default": "San Pedro y Miquelón"
        }
    },
    {
        "code": "VC",
        "long": {
            "default": "San Vicente y las Granadinas"
        }
    },
    {
        "code": "WS",
        "long": {
            "default": "Samoa"
        }
    },
    {
        "code": "SM",
        "long": {
            "default": "San Marino"
        }
    },
    {
        "code": "ST",
        "long": {
            "default": "Santo Tomé y Príncipe"
        }
    },
    {
        "code": "SA",
        "long": {
            "default": "Arabia Saudita"
        }
    },
    {
        "code": "SN",
        "long": {
            "default": "Senegal"
        }
    },
    {
        "code": "RS",
        "long": {
            "default": "Serbia"
        }
    },
    {
        "code": "SC",
        "long": {
            "default": "Seychelles"
        }
    },
    {
        "code": "SL",
        "long": {
            "default": "Sierra Leona"
        }
    },
    {
        "code": "SG",
        "long": {
            "default": "Singapur"
        }
    },
    {
        "code": "SX",
        "long": {
            "default": "Isla de San Martín"
        }
    },
    {
        "code": "SK",
        "long": {
            "default": "República Eslovaca"
        }
    },
    {
        "code": "SI",
        "long": {
            "default": "Eslovenia"
        }
    },
    {
        "code": "SB",
        "long": {
            "default": "Islas Salomón"
        }
    },
    {
        "code": "SO",
        "long": {
            "default": "Somalia"
        }
    },
    {
        "code": "ZA",
        "long": {
            "default": "Sudáfrica"
        }
    },
    {
        "code": "GS",
        "long": {
            "default": "Islas Georgia del Sur y Sandwich del Sur"
        }
    },
    {
        "code": "SS",
        "long": {
            "default": "República de Sudán del Sur"
        }
    },
    {
        "code": "ES",
        "long": {
            "default": "España"
        }
    },
    {
        "code": "LK",
        "long": {
            "default": "Sri Lanka"
        }
    },
    {
        "code": "SD",
        "long": {
            "default": "Sudán"
        }
    },
    {
        "code": "SR",
        "long": {
            "default": "Surinam"
        }
    },
    {
        "code": "SJ",
        "long": {
            "default": "Svalbard y Jan Mayen"
        }
    },
    {
        "code": "SZ",
        "long": {
            "default": "Suazilandia"
        }
    },
    {
        "code": "SE",
        "long": {
            "default": "Suecia"
        }
    },
    {
        "code": "CH",
        "long": {
            "default": "Suiza"
        }
    },
    {
        "code": "SY",
        "long": {
            "default": "Siria"
        }
    },
    {
        "code": "TW",
        "long": {
            "default": "Taiwán"
        }
    },
    {
        "code": "TJ",
        "long": {
            "default": "Tayikistán"
        }
    },
    {
        "code": "TZ",
        "long": {
            "default": "Tanzania"
        }
    },
    {
        "code": "TH",
        "long": {
            "default": "Tailandia"
        }
    },
    {
        "code": "TL",
        "long": {
            "default": "Timor Oriental"
        }
    },
    {
        "code": "TG",
        "long": {
            "default": "Togo"
        }
    },
    {
        "code": "TK",
        "long": {
            "default": "Tokelau"
        }
    },
    {
        "code": "TO",
        "long": {
            "default": "Tonga"
        }
    },
    {
        "code": "TT",
        "long": {
            "default": "Trinidad y Tobago"
        }
    },
    {
        "code": "TN",
        "long": {
            "default": "Túnez"
        }
    },
    {
        "code": "TR",
        "long": {
            "default": "Turquía"
        }
    },
    {
        "code": "TM",
        "long": {
            "default": "Turkmenistán"
        }
    },
    {
        "code": "TC",
        "long": {
            "default": "Islas Turcas y Caicos"
        }
    },
    {
        "code": "TV",
        "long": {
            "default": "Tuvalu"
        }
    },
    {
        "code": "UG",
        "long": {
            "default": "Uganda"
        }
    },
    {
        "code": "UA",
        "long": {
            "default": "Ucrania"
        }
    },
    {
        "code": "AE",
        "long": {
            "default": "Emiratos Árabes Unidos"
        }
    },
    {
        "code": "GB",
        "long": {
            "default": "Reino Unido"
        }
    },
    {
        "code": "US",
        "long": {
            "default": "Estados Unidos"
        }
    },
    {
        "code": "UM",
        "long": {
            "default": "Islas menores alejadas de los Estados Unidos"
        }
    },
    {
        "code": "UY",
        "long": {
            "default": "Uruguay"
        }
    },
    {
        "code": "UZ",
        "long": {
            "default": "Uzbekistán"
        }
    },
    {
        "code": "VU",
        "long": {
            "default": "Vanuatu"
        }
    },
    {
        "code": "VE",
        "long": {
            "default": "Venezuela"
        }
    },
    {
        "code": "VN",
        "long": {
            "default": "Vietnam"
        }
    },
    {
        "code": "VG",
        "long": {
            "default": "Islas Vírgenes Británicas"
        }
    },
    {
        "code": "VI",
        "long": {
            "default": "Islas Vírgenes de los Estados Unidos"
        }
    },
    {
        "code": "WF",
        "long": {
            "default": "Wallis y Futuna"
        }
    },
    {
        "code": "EH",
        "long": {
            "default": "República Árabe Saharaui Democrática"
        }
    },
    {
        "code": "YE",
        "long": {
            "default": "Yemen"
        }
    },
    {
        "code": "ZM",
        "long": {
            "default": "Zambia"
        }
    },
    {
        "code": "ZW",
        "long": {
            "default": "Zimbawe"
        }
    }
]